style1,style2
"eureka is served by an all volunteer fire department, which provides excellent fire protection, rescue, and vehicle rescue services for eureka township and the surrounding areas.","eureka is served by an all volunteer fire department, which provides fire protection, rescue, and vehicle rescue services for eureka township and the surrounding areas."
his life was tragically cut short by a boat accident in january 1924 while returning to kollam from alappuzha after attending a function as the chief guest.,his life was cut short by a boat accident in january 1924 while returning to kollam from alappuzha after attending a function as the chief guest.
successful legal challenges to matthias rath,legal challenges to matthias rath
"welbeck scored the only goal as sunderland beat bolton wanderers on 18 december 2010 , and also scored on january 1 2011 as sunderland defeated blackburn rovers 3-0. welbeck's fine form for sunderland promted widespread calls for an england call up.","welbeck scored the only goal as sunderland beat bolton wanderers on 18 december 2010 , and also scored on january 1 2011 as sunderland defeated blackburn rovers 3-0. welbeck's form for sunderland promted widespread calls for an england call up."
"tone mason is a grammy-nominated canadian hip-hop and r&b production team from toronto, ontario, composed of aloysius brown, don d., and mellenius.","tone mason is a canadian hip-hop and r&b production team from toronto, ontario, composed of aloysius brown, don d., and mellenius."
unfortunantly mouse finds himself trapped and is spotted by soldiers and killed.,mouse finds himself trapped and is spotted by soldiers and killed.
"verbosity (also called wordiness, prolixity and garrulousness) in language refers to speech or writing which uses an excess of words.","verbosity (also called wordiness, prolixity and garrulousness) in language refers to speech or writing which is judged to use an excess of words."
"partly as a result of this tragedy , plexiglass panels sitting atop the boards of hockey rinks to protect spectators have been supplemented with mesh nets that extend above the upper edge of the plexiglass.","partly as a result of this event , plexiglass panels sitting atop the boards of hockey rinks to protect spectators have been supplemented with mesh nets that extend above the upper edge of the plexiglass."
"an early adversary of so-called critical rationalism, karl-otto apel attempted a comprehensive refutation of popper's philosophy.","an early adversary of popper's critical rationalism, karl-otto apel attempted a comprehensive refutation of popper's philosophy."
"james ""jim"" walter gilchrist, jr. (born january 13, 1949) is the american co-founder, along with chris simcox, of the minuteman project, a group whose alleged aim is to prevent illegal immigration across the united states's southern border.","james ""jim"" walter gilchrist, jr. (born january 13, 1949) is the american co-founder, along with chris simcox, of the minuteman project, a group whose aim is to prevent illegal immigration across the united states's southern border."
"mbatha-raw was born in oxford, england, in 1983 and grew up in the small town of witney in oxfordshire.","mbatha-raw was born in oxford, england, in 1983 and grew up in the town of witney in oxfordshire."
"lenworth george henry cbe (born 29 august 1958) is an english actor, writer and a terrible comedian.","lenworth george henry cbe (born 29 august 1958) is an english actor, writer and a comedian."
"humans, or human beings, are bipedal animals belonging to the mammalian species homo sapiens (latin for ""wise man"" or ""knowing man"") under the family hominidae (known as the great apes).","humans, or human beings, are bipedal apes belonging to the mammalian species homo sapiens (latin for ""wise man"" or ""knowing man"") under the family hominidae (known as the great apes)."
"decry the ""campaign to eliminate criticism of israel from college campuses"" (see campus watch and u.s. congress bill h.r.","decry what they call a ""campaign to eliminate criticism of israel from college campuses"" (see campus watch and u.s. congress bill h.r."
"the lds church confirms that no tithing money is being used for construction of the complex; the entire project is being financed through the church's commercial real-estate arm, property reserve, inc.","the lds church claims that no tithing money is being used for construction of the complex; the entire project is being financed through the church's commercial real-estate arm, property reserve, inc."
"in august 2006, it was announced that softbank capital would invest $5 million in the online news site, which has grown dramatically popular in only a year, to help expand it.","in august 2006, it was announced that softbank capital would invest $5 million in the online news site, which has grown popular in only a year, to help expand it."
"the film contains excellent second unit and miniature photography, shot by ray kellogg.","the film contains second unit and miniature photography, shot by ray kellogg."
"female clergymen have been allowed since 1948, and the first female bishop was instituted in 1995. today two thirds of theology students are women, and the clergy is expected to have a female majority in near future.","female clergy have been allowed since 1948, and the first female bishop was instituted in 1995. today two thirds of theology students are women, and the clergy is expected to have a female majority in near future."
"in china the bulk of the country drives on the right, but the special administrative regions of hong kong and macau which were returned to the country in the late 1990s drive on the left.","in china the bulk of the country drives on the right, but the special administrative regions of hong kong and macau which were transferred to the country in the late 1990s drive on the left."
un report october 1 1948 www .,un report october 1 1948 indaily .
"pirata is a full-color graphic novel written and illustrated by filipino cartoonist pol medina, jr. and first published in 1995 by pugad baboy, inc. the characters and storyline of pirata are derived from medina's popular comic strip pugad baboy, which is published in the philippine daily inquirer and is compiled annually in book form.","pirata is a full-color graphic novel written and illustrated by filipino cartoonist pol medina, jr. and first published in 1995 by pugad baboy, inc. the characters and storyline of pirata are derived from medina's comic strip pugad baboy, which is published in the philippine daily inquirer and is compiled annually in book form."
mckweown later states that coulter never did get back to him.,mckeown later states that coulter never did get back to him.
"daugaard served as a member of the south dakota state senate from 1997 to 2003. while serving in the state legislature, daugaard focused on helping children and the disabled as well as reducing crime.","daugaard served as a member of the south dakota state senate from 1997 to 2003. while serving in the state legislature, daugaard claimed his focus was on helping children and the disabled as well as reducing crime."
"eventually, clumsy declarations by some hard-line right-wing members of the bush administration, such as deputy secretary for defense paul wolfowitz's infamous statement that ""for bureaucratic reasons, we settled on one issue, weapons of mass destruction, because it was the one reason everyone could agree on"" further undermined the legitimacy of the invasion, and international confidence in the good faith of the usa.","eventually, clumsy declarations by some hard-line members of the bush administration, such as deputy secretary for defense paul wolfowitz's infamous statement that ""for bureaucratic reasons, we settled on one issue, weapons of mass destruction, because it was the one reason everyone could agree on"" further undermined the legitimacy of the invasion, and international confidence in the good faith of the usa."
"in 1936. he went on to attend grammar and secondary schools, finally receiving a ph.d. at the prestigious cochabanba university.","in 1936. he went on to attend grammar and secondary schools, finally receiving a ph.d. at the cochabanba university."
the eternal jew is a 1940 propaganda film.,the eternal jew is a 1940 documentary film.
"in 1928, david niven seduced the 15-year-old margaret whigham, during a holiday at bembridge on the isle of wight.","in 1928, david niven had sex with the 15-year-old margaret whigham, during a holiday at bembridge on the isle of wight."
opposition to non-conservative judicial activism by federal judges,opposition to judicial activism by federal judges
"starring michael dudikoff (the american ninja series), allison hossack, and james tolkan (the back to the future trilogy), cobra was created by legendary television producer stephen j. cannell, along with steven long mitchell and craig w. van sickle (both of whom later went on to create/executive produce the pretender for nbc), and was filmed on location in vancouver, british columbia, canada.","starring michael dudikoff (the american ninja series), allison hossack, and james tolkan (the back to the future trilogy), cobra was created by television producer stephen j. cannell, along with steven long mitchell and craig w. van sickle (both of whom later went on to create/executive produce the pretender for nbc), and was filmed on location in vancouver, british columbia, canada."
"herbert lom (; born 11 september 1917) is a czech-born thespian who has been based in the united kingdom since 1939. in a career lasting more than 60 years he appeared in character roles, usually portraying villains early in his career and professional men in later years.","herbert lom (; born 11 september 1917) is a czech-born film and television actor who has been based in the united kingdom since 1939. in a career lasting more than 60 years he appeared in character roles, usually portraying villains early in his career and professional men in later years."
"eleven mayors that had been members have withdrawn from the organization, claiming either that they were misled about the group's anti-gun platform, or that they were enrolled in the coalition without their knowledge.","more than ten mayors that had been members have withdrawn from the organization, claiming either that they were misled about the group's anti-gun platform, or that they were enrolled in the coalition without their knowledge."
"richard bertrand spencer (born may 11, 1978) is an american writer, publisher, and self-described ""identitarian"" known for promoting white supremacist views.","richard bertrand spencer (born may 11, 1978) is an american writer, publisher, and self-described ""identitarian"" known for promoting white nationalist views."
"these differences include having all major universities receive government funding, having a national broadcaster in the cbc and, most notably, having a fully socialized health care system.","these differences include having all major universities receive government funding, having a national broadcaster in the cbc and, most notably, having a fully government-funded health care system."
"on december 1, 2011, new trials were granted by a liberal special judge to the defendants due to drug abuse by the later disbarred, presiding judge.","on december 1, 2011, new trials were granted by a special judge to the defendants due to drug abuse by the later disbarred, presiding judge."
"she is best known for playing sexy housewife debra barone on the cbs television sitcom everybody loves raymond (1996-2005), and for being nominated for outstanding leading actress in a comedy series for this role six years in a row (1999-2005), and winning twice in a row, once in 2000, and again in 2001.","she is best known for playing housewife debra barone on the cbs television sitcom everybody loves raymond (1996-2005), and for being nominated for outstanding leading actress in a comedy series for this role six years in a row (1999-2005), and winning twice in a row, once in 2000, and again in 2001."
tagalog is an austronesian language spoken as a first language by only a quarter of the population of the philippines and as a second language by the majority.,tagalog is an austronesian language spoken as a first language by a quarter of the population of the philippines and as a second language by the majority.
"however, there has been a long, ongoing struggle between corporations promoting artificial substitutes and grassroots organisations and who defending breastfeeding.","however, there has been a long, ongoing struggle between corporations promoting artificial substitutes and grassroots organisations and who promoting breastfeeding."
"his family attended a separate baptists church, which had high moral standards and opposed alcohol, dancing, and slavery.","his family attended a separate baptists church, which had stritt moral standards and opposed alcohol, dancing, and slavery."
"some of the phrases are humorous, some philosophical, and some nonsense .","some of the phrases are humorous, some philosophical, and some merely quirky ."
the pontifical catholic university of chile (uc or puc) is one of chile's oldest universities and one of the most prestigious educational institutions in latin america.,the pontifical catholic university of chile (uc or puc) is one of chile's oldest universities and one of the most recognized educational institutions in latin america.
resistance was coordinated by the country's privately owned tv stations.,resistance was widely reported by the country's privately owned tv stations.
chamaemelum nobile) grown in warmer latin american countries (other lesser definitions also exist).,chamaemelum nobile) grown in warmer latin american countries (other definitions also exist).
"after a 9 minute nasty verbal attack on shilpa by jade, over oxo cubes, witnessed by a giggling o'meara and lloyd, o'meara said that the verbal attack had made her day and that she felt a lot better for it.","after a 9 minute verbal attack on shilpa by jade, over oxo cubes, witnessed by a giggling o'meara and lloyd, o'meara said that the verbal attack had made her day and that she felt a lot better for it."
"once known for its slave-based agricultural wealth in rice and indigo that flourished in the hot subtropical climate, the lowcountry today is known for its historic cities and communities, natural beauty , cultural heritage, and tourism industry.","once known for its slave-based agricultural wealth in rice and indigo that flourished in the hot subtropical climate, the lowcountry today is known for its historic cities and communities, natural environment , cultural heritage, and tourism industry."
the village people were a novelty disco band of the late 1970s.,the village people were a disco band of the late 1970s.
"and mrs. moon presided over a blessing ceremony in washington d. c. in which 28,000 of the 30,000 couples taking part were previously married, including controversial baptist minister and civil rights advocate al sharpton and his wife katherine.","and mrs. moon presided over a blessing ceremony in washington d. c. in which 28,000 of the 30,000 couples taking part were previously married, including baptist minister and civil rights advocate al sharpton and his wife katherine."
smith's followers regard many of his writings as scripture.,smith's followers regard many of his publications as scripture.
"the famous beilis trial, when a local jew was accused in ritual murder of a child took place in the city in 1903 but at the end beilis was found innocent.","the beilis trial, when a local jew was accused in ritual murder of a child took place in the city in 1903 but at the end beilis was found innocent."
modi has been wrongly denied visas to the united states for his alleged involvement in the 2002 communal riots in gujarat.,modi has been denied visas to the united states for his alleged involvement in the 2002 communal riots in gujarat.
"the wais is founded on wechsler's definition of intelligence, which he defined as ""... the global capacity of a person to act purposefully, to think rationally, and to deal effectively with his sic environment.""","the wais is founded on wechsler's definition of intelligence, which he defined as ""... the global capacity of a person to act purposefully, to think rationally, and to deal effectively with his environment."""
"ten male pro-life politicians were present at the signing of the partial-birth abortion ban act, including two democrats and eight republicans.","ten pro-life politicians were present at the signing of the partial-birth abortion ban act, including two democrats and eight republicans."
a polish-lithuanian woman protested when wardyn was lithuanized to vardyn.,a polish-lithuanian woman protested when wardyn was changed to vardyn.
duncan ferguson ending his unsuccessful 18-month spell at rangers and signing for everton in december after two months on loan at the english club.,duncan ferguson ending his 18-month spell at rangers and signing for everton in december after two months on loan at the english club.
o'neil's ground-breaking work the rabka four - instruments of genocide and grand larceny.,o'neil's work the rabka four - instruments of genocide and grand larceny.
"unfortunately , the lagrange point comes shortly before the pluto encounter.","however , the lagrange point comes shortly before the pluto encounter."
he recently worked on the videogame advent rising which unfortunately was both a critical and commercial flop.,he recently worked on the videogame advent rising which was both a critical and commercial flop.
"in 1984, in a world first, reformed aussie rock legends skyhooks appeared on the same night live from their concert at olympic park in front of 26,000 people with daryl and ossie appearing with them on a giant screen above the stage.","in 1984, in a world first, reformed aussie rock band skyhooks appeared on the same night live from their concert at olympic park in front of 26,000 people with daryl and ossie appearing with them on a giant screen above the stage."
"according to rapson, who designed the towers and still lived and worked in the neighborhood, they also did not take proper care of the buildings, which led to cheapshot nicknames such as the ""ghetto in the sky"" and the ""crack stacks"".","according to rapson, who designed the towers and still lived and worked in the neighborhood, they also did not take proper care of the buildings, which led to nicknames such as the ""ghetto in the sky"" and the ""crack stacks""."
she was one of the most highly-acclaimed operatic performers of her time with a voice of enormous magnitude.,she was one of the most highly-acclaimed operatic performers of her time with a voice of great magnitude.
"today, ucr is oriented towards undergraduates, with 78 majors and 45 minors, but also offers mediocre master's and doctoral degrees.","today, ucr is oriented towards undergraduates, with 78 majors and 45 minors, but also offers master's and doctoral degrees."
"on the week ending june 24 2007, after its release on different parts of europe, ""relax, take it easy"" amazingly jumped from #102 to #19 (incredible 83 upward positions) in the euro 200 charts.the following week it jumped 12 positions at #7.","on the week ending june 24 2007, after its release on different parts of europe, ""relax, take it easy"" jumped from #102 to #19 (incredible 83 upward positions) in the euro 200 charts.the following week it jumped 12 positions at #7."
"since 2003, the foreign relations of sudan have centered on the support for ending the second sudanese civil war and condemnation of government support for militias in the darfur genocide .","since 2003, the foreign relations of sudan have centered on the support for ending the second sudanese civil war and condemnation of government support for militias in the darfur conflict ."
"a further alleged sighting took place in 1989, when a young man and his girlfriend saw a creature ""about five feet tall...the legs had high ankles and the feet were large and black with two huge 'toes' on the visible side.","a further alleged sighting took place in 1989, when a young man and his girlfriend claim to have seen a creature ""about five feet tall...the legs had high ankles and the feet were large and black with two huge 'toes' on the visible side."
however there are groups of women who may be at higher risk of coping with problems and distress following abortion.,"moreover, there are groups of women who may be at higher risk of coping with problems and distress following abortion."
he has since begun the srnek school of goalkeeping in czech republic offering youngsters from around the world to learn from his unique coaching styles.,he has since begun the srnek school of goalkeeping in czech republic offering youngsters from around the world to learn from his coaching styles.
"on 18 october 2013, it was confirmed that worthington was in a relationship with fellow australian and actor sam worthington.","on 18 october 2013, it was confirmed that bingle was in a relationship with fellow australian and actor sam worthington."
"best, crerand and brian kidd starting combining with each other to create chances for denis law, and although the pressure from the home side forced the estudiantes players into kicking the ball out of play and neutralizing any long-range shots, the english side was unable to score.","best, crerand and brian kidd starting combining with each other to create chances for denis law, and although the pressure from the home side forced the estudiantes players into kicking the ball out of play and blocking any long-range shots, the english side was unable to score."
"ilaro court was designed and built in the early 1920s by lady gilbert carter, an accomplished american artist whose husband sir gilbert thomas carter was governor of barbados from 1904 to 1911. the name ilaro was derived from a town in nigeria where the governor was stationed when he was an officer .","ilaro court was designed and built in the early 1920s by lady gilbert carter, an american artist whose husband sir gilbert thomas carter was governor of barbados from 1904 to 1911. the name ilaro was derived from a town in nigeria where the governor was stationed when he was an officer ."
"in one notorious incident in 1988, jones was photographed grabbing paul gascoigne by his testicles in order to faze him during an fa cup tie for wimbledon against newcastle united.","in one incident in 1988, jones was photographed grabbing paul gascoigne by his testicles in order to faze him during an fa cup tie for wimbledon against newcastle united."
"the first, doctor syn (1937), starred the celebrated actor george arliss in the title role and was his last film.","the first, doctor syn (1937), starred the actor george arliss in the title role and was his last film."
"at the same time, a growing number of healthcare workers (medical doctors, nurses, mental health professionals, hospice and nursing home workers, and other healthcare providers) recognize that reiki does appear to have some beneficial effect on the recipient and is a worthwhile inclusion in both professional training and patient care (to wit, registered nurses may earn continuing education units, or ceus, through the american holistic nurses association, accredited by the american nurses credentialing center, for reiki training.)","at the same time, a growing number of healthcare workers (medical doctors, nurses, mental health professionals, hospice and nursing home workers, and other healthcare providers) believe that reiki does appear to have some beneficial effect on the recipient and is a worthwhile inclusion in both professional training and patient care (to wit, registered nurses may earn continuing education units, or ceus, through the american holistic nurses association, accredited by the american nurses credentialing center, for reiki training.)"
no part of the valley lies in the area currently occupied by pakistan.,no part of the valley lies in the area currently administered by pakistan.
"some conservatives, however, have spun the term to mean: ""exposing lies, deceit, fraud or deceitful/fraudulent person(s).""","some conservatives, however, have defined the term to mean: ""exposing lies, deceit, fraud or deceitful/fraudulent person(s)."""
"originally called the prince of wales, the building was rebuilt from timbers reclaimed from hms donegal in 1926. the town also has other excellent public houses and restaurants to choose from including the local wetherspoons, the richard oastler.","originally called the prince of wales, the building was rebuilt from timbers reclaimed from hms donegal in 1926. the town also has other public houses and restaurants to choose from including the local wetherspoons, the richard oastler."
"model useful in practice, however the trigger point theory is not yet accepted by the medical","model useful in practice, however the trigger point theory is not accepted by the medical"
in 2008 five pharmaceutical companies have received warning from the fda regarding false advertising and inappropriate professional slide decks related to adhd medication.,in 2008 five pharmaceutical companies received warning from the fda regarding false advertising and inappropriate professional slide decks related to adhd medication.
al jarreau also did a remarkable cover version on his 1994 album tenderness.,al jarreau also did a cover version on his 1994 album tenderness.
"by all accounts, helena was a beautiful woman, with large brown eyes, red hair, and a perfect pink and white complexion.","by all accounts, helena was a beautiful woman, with large brown eyes, red hair, and a pink and white complexion."
"jackson ran ten points behind dukakis, whose nomination became assured after his ny win.","jackson ran ten points behind dukakis, whose nomination became assured after his new york win."
"a soliloquy (from latin solo ""to oneself"" + loquor ""i talk"") is a device often used in drama when a character speaks to themselves , relating thoughts and feelings, thereby also sharing them with the audience, giving off the illusion of being a series of unspoken reflections.","a soliloquy (from latin solo ""to oneself"" + loquor ""i talk"") is a device often used in drama when a character speaks to oneself , relating thoughts and feelings, thereby also sharing them with the audience, giving off the illusion of being a series of unspoken reflections."
"thornton founded the thorntons chocolate company, famous for its fabulous toffee, when he opened his first shop at 159 norfolk street, sheffield in 1911.","thornton founded the thorntons chocolate company, famous for its toffee, when he opened his first shop at 159 norfolk street, sheffield in 1911."
this has led the right-wing media watchdog group media research center (mrc) to accuse olbermann of liberal bias.,this has led the conservative media watchdog group media research center (mrc) to accuse olbermann of liberal bias.
"dyalog has aggressive extensions to the apl language which include new object oriented features, numerous language enhancements, plus a consistent namespace model used for both its microsoft automation interface, as well as native namespaces.","dyalog has innovative extensions to the apl language which include new object oriented features, numerous language enhancements, plus a consistent namespace model used for both its microsoft automation interface, as well as native namespaces."
"july: beatle backlash: us bible belt djs incite thousands to burn beatle records after the viral spread of john lennon's misunderstood ""we're more popular than jesus"" comment.","july: beatle backlash: us bible belt djs incite thousands to burn beatle records after the viral spread of john lennon's ""we're more popular than jesus"" comment."
"tamil in the tamil language version dora the explorer, the characters all speak tamil, with some badly accented english interspersed.","tamil in the tamil language version dora the explorer, the characters all speak tamil, with some accented english interspersed."
snchez also handled the ball in the lead up to the goal but this was ignored by the referee.,snchez also handled the ball in the lead up to the goal but this was not seen by the referee.
"with the aid of his patriotic nurse, he managed after 27 days on his back to escape through a second-floor window with a rope.","with the aid of his nurse, he managed after 27 days on his back to escape through a second-floor window with a rope."
phelan said she believed that research had shown that the former libyan government's information was far closer to the truth than the claims being made by western-backed insurgents and the nato and gulf cooperation council media which she accused of encouraging wars of aggression against sovereign states.,phelan said she believed that research had shown that the former libyan government's information was closer to the truth than the claims being made by western-backed insurgents and the nato and gulf cooperation council media which she accused of encouraging wars of aggression against sovereign states.
"pen de vlez de la gomera is one of the spanish occupied territories in north africa off the moroccan coast (plazas de soberana), along with the coastal cities of ceuta and melilla, the island of pen de alhucemas and islas chafarinas.","pen de vlez de la gomera is one of the spanish territories in north africa off the moroccan coast (plazas de soberana), along with the coastal cities of ceuta and melilla, the island of pen de alhucemas and islas chafarinas."
"michael carr notes that yamato-damashii (1994:280-1) ""significantly differs from everyday racist slurs because it is not an overt insult, it is the opposite: an ethnic adulation.","michael carr argues that yamato-damashii (1994:280-1) ""significantly differs from everyday racist slurs because it is not an overt insult, it is the opposite: an ethnic adulation."
"pioneered in both clay and blocks of wax by german animator oskar fischinger during the 1920s and 30s, the technique was revivied and highly refined in the mid-90s by california-oregon animator david daniels, a past associate of will vinton, in his mind-numbing 16-minute short film buzz box.","pioneered in both clay and blocks of wax by german animator oskar fischinger during the 1920s and 30s, the technique was revivied and highly refined in the mid-90s by california-oregon animator david daniels, a past associate of will vinton, in his 16-minute short film buzz box."
"bhai mardana (1459-1534) was a muslim and the first follower and companion of the sikh founder, guru nanak dev.","bhai mardana (1459-1534) was a sufi and the first follower and companion of the sikh founder, guru nanak dev."
"to graduate, students have to complete a demanding program averaging 9 courses per semester, which is designed to prepare them both for matriculation in an american college or university and for study at turkeys top universities.","to graduate, students have to complete a program averaging 9 courses per semester, which is designed to prepare them both for matriculation in an american college or university and for study at turkeys top universities."
many case reports describe argyria after ingestion of colloidal silver marketed as an alternative-medicine treatment.,a number of case reports describe argyria after ingestion of colloidal silver marketed as an alternative-medicine treatment.
"in surah 5:5 of the holy qur'an it is written: ""the food of the people of the book jews and christians is lawful for you as your food is lawful for them.""","in surah 5:5 of the qur'an it is written: ""the food of the people of the book jews and christians is lawful for you as your food is lawful for them."""
"(born february 3, 1986 in nakano, tokyo, japan) is a japanese actress, comedienne , and tarento, who has been featured in cartoon kat-tun, the live-action drama otomen, and collaborated on the music for keroro gunso the super movie 3: keroro vs. keroro great sky duel.","(born february 3, 1986 in nakano, tokyo, japan) is a japanese actress, comedian , and tarento, who has been featured in cartoon kat-tun, the live-action drama otomen, and collaborated on the music for keroro gunso the super movie 3: keroro vs. keroro great sky duel."
"a european community was proposed already in 1940 by german economists, and several german politicians, among them the german foreign minister, spoke for the creation of such an institution, with some structures rather similar to the modern eu.","a european community was proposed already in 1940 by german economists, and several german politicians, among them the german foreign minister, spoke for the creation of such an institution, with some structures similar to the modern eu."
"hillsborough aired the first time on 15 april 2014, the 25th anniversary of the tragedy .","hillsborough aired the first time on 15 april 2014, the 25th anniversary of the disaster ."
"the relative success of the album in addition to the pressures of sudden fame took its toll on mangum, who disbanded neutral milk hotel in 1998 after a tour in support of their latest album.","dicks dicks dicks dicks everywherethe relative success of the album in addition to the pressures of sudden fame took its toll on mangum, who disbanded neutral milk hotel in 1998 after a tour in support of their latest album."
"mo'nique, actress and comedienne","mo'nique, actress and comedian"
"benzodiazepine use must be prescribed with care because benzodiazepines have a great addiction potential, and many opioid users also use other central nervous system depressants, especially alcohol.","benzodiazepine use must be prescribed with care because benzodiazepines have a addiction potential, and many opioid users also use other central nervous system depressants, especially alcohol."
"sharon tate's work as an actress has been reassessed after her death, with contemporary film writers and critics, such as leonard maltin, describing her potential as a comedienne .","sharon tate's work as an actress has been reassessed after her death, with contemporary film writers and critics, such as leonard maltin, describing her potential as a comedian ."
aave is often erroneously perceived by members of mainstream american society to indicate inferior intelligence or low educational attainment.,aave is often perceived by members of mainstream american society to indicate inferior intelligence or low educational attainment.
oropesa's pitching delivery was very unique.,oropesa's pitching delivery was unique.
"the next night on raw is war, they defeated the popular rock 'n' sock connection (rock and mankind) for the wwf tag team championship.","the next night on raw is war, they defeated the rock 'n' sock connection (rock and mankind) for the wwf tag team championship."
"she appeared at madison square garden on january 12, 2006 to sing in honor of new york rangers hockey great mark messier, whose number was retired that evening.","she appeared at madison square garden on january 12, 2006 to sing in honor of new york rangers hockey player mark messier, whose number was retired that evening."
"anse chastanet is a beach in the town of soufrire, saint lucia and known for world-class scuba diving and snorkeling.","anse chastanet is a beach in the town of soufrire, saint lucia and known for scuba diving and snorkeling."
hydrogen pipelines are unfortunately more expensive than even long-distance electric lines.,hydrogen pipelines are more expensive than even long-distance electric lines.
unfortunately this amendment was made invalid by the next president manuel vila camacho.,this amendment was made invalid by the next president manuel vila camacho.
"the sea shepherd conservation society is a non-profit, non-governmental maritime criminal organization founded by paul watson in 1977. the organization was founded after watson was expelled from greenpeace, an organization which watson originally helped found, over disagreements over tactics.","the sea shepherd conservation society is a non-profit, non-governmental maritime organization founded by paul watson in 1977. the organization was founded after watson was expelled from greenpeace, an organization which watson originally helped found, over disagreements over tactics."
"(which stands for rural free delivery) was popular throughout its entire run, but was canceled after its third season in cbs's infamous ""rural purge"" of 1971.","(which stands for rural free delivery) was popular throughout its entire run, but was canceled after its third season in cbs's ""rural purge"" of 1971."
"a number of vargas llosa's works have been adapted for the screen, including the time of the hero and captain pantoja and the special service (both by the distinguished peruvian director francisco lombardi) and the feast of the goat (by vargas llosa's cousin, luis llosa).","a number of vargas llosa's works have been adapted for the screen, including the time of the hero and captain pantoja and the special service (both by the peruvian director francisco lombardi) and the feast of the goat (by vargas llosa's cousin, luis llosa)."
unfortunately this meant he was unable to participate in the last two finals of the crows first premiership.,this meant he was unable to participate in the last two finals of the crows first premiership.
"under the alias ""gaven stubberfield"", jaynes was responsible for a large amount of zoophilia pornography spam, advertising images of women having sex with horses and dogs.","under the alias ""gaven stubberfield"", jaynes was responsible for a large amount of animal sex pornography spam, advertising images of women having sex with horses and dogs."
an example of his leadership in mathematics is his 1900 presentation of a collection of problems that set the course for much of the mathematical research of the 20th century.,a famous example of his leadership in mathematics is his 1900 presentation of a collection of problems that set the course for much of the mathematical research of the 20th century.
"is an accomplished acoustic guitarist, from the same genre, american primitivism, as the better-known virtuosos leo kottke and john fahey.","is an accomplished acoustic guitarist, from the same genre, american primitivism, as the better-known guitarists leo kottke and john fahey."
she began working in nightclubs as a comedienne and was cast in the original broadway production of on the town (19441946).,she began working in nightclubs as a comedian and was cast in the original broadway production of on the town (19441946).
"the combination of a 903cc engine, dual overhead cams and raw horsepower combined with integral styling of tank and body pieces to create a motorcyle for the masses that had never been seen before.","the combination of a 903cc engine , dual overhead cams and high horsepower combined with integral styling of tank and body pieces to create a motorcyle for the masses that had never been seen before."
"cross allowed abc to use his song in this context; however, he has stated that he wrote ""think of laura"" to mourn the death of denison university college student laura carter who was killed tragically when she was struck by a stray bullet fired over a block away, during an altercation between four men.","cross allowed abc to use his song in this context; however, he has stated that he wrote ""think of laura"" to mourn the death of denison university college student laura carter who was killed when she was struck by a stray bullet fired over a block away, during an altercation between four men."
munster is known for its bandwagon support and game day atmosphere (the noise during play and complete silence which used to be observed during an attempt to kick a goal).,munster is known for its passionate support and game day atmosphere (the noise during play and complete silence which used to be observed during an attempt to kick a goal).
the jubilation for the mets would end during the world series as they were beaten handily by their crosstown rival new york yankees in five games (4-1).,the jubilation for the mets would end during the world series as they were beaten by their crosstown rival new york yankees in five games (4-1).
"the set also housed the rosie show, an american evening television talk show which was hosted and produced by actress and comedienne rosie o'donnell, airing on the oprah winfrey network.","the set also housed the rosie show, an american evening television talk show which was hosted and produced by actress and comedian rosie o'donnell, airing on the oprah winfrey network."
some policy experts believe that an increased tax is needed to fund and sustain our transportation infrastructure.,some policy experts believe that an increased tax is needed to fund and sustain the country's transportation infrastructure.
"the palm, a famous steakhouse restaurant chain originating in new york city, usa.","the palm, a steakhouse restaurant chain originating in new york city, usa."
"combining modern manufacturing and contemporary design, they have introduced exciting new recording artists to the islamic nasheed and music market.","combining modern manufacturing and contemporary design, they have introduced many new recording artists to the islamic nasheed and music market."
"the union cabinet of india has, in view of the unreasonably high tariff charged by sebs, approved railways' proposal for availing direct power supply from central generating agencies from the 15 per cent unallocated central share of power.railways are saving about rs.","the union cabinet of india has, in view of the high tariff charged by sebs, approved railways' proposal for availing direct power supply from central generating agencies from the 15 per cent unallocated central share of power.railways are saving about rs."
"in the u.s. congress there exists the congressional progressive caucus, which is often in opposition to the more moderate democrats, who form the blue dogs caucus.","in the u.s. congress there exists the congressional progressive caucus, which is often in opposition to the more conservative democrats, who form the blue dogs caucus."
his impressive tally of bundesliga matches is 356. heldt also played for the german national team twice.,his tally of bundesliga matches is 356. heldt also played for the german national team twice.
"at the same time, the well-known cunard line was moving into the cruise market because the increasing popularity of international flights meant that its transatlantic passenger services were no longer viable.","at the same time, the cunard line was moving into the cruise market because the increasing popularity of international flights meant that its transatlantic passenger services were no longer viable."
"on the final night of miss universe 2003, mariangel broke two conventions: first, she wore her hair down and little makeup, against osmel's suggestions, and second, she wore a spectacular skin-tight angel sanchez crimson gown, becoming the first miss venezuela in a decade to not compete in a white, metallic, or light-toned dress.","on the final night of miss universe 2003, mariangel broke two conventions: first, she wore her hair down and little makeup, against osmel's suggestions, and second, she wore a skin-tight angel sanchez crimson gown, becoming the first miss venezuela in a decade to not compete in a white, metallic, or light-toned dress."
"mary scott, 3rd countess of buccleuch and countess of tarras (31 august 1647 11 march 1661) was a young scottish peeress , the daughter of francis scott, 2nd earl of buccleuch.","mary scott, 3rd countess of buccleuch and countess of tarras (31 august 1647 11 march 1661) was a young scottish peer , the daughter of francis scott, 2nd earl of buccleuch."
an allegedly pro-tibetan protester attempts to steal the torch from torch-bearer jin jing in paris.,an allegedly pro-tibetan protester attempts to take the torch from torch-bearer jin jing in paris.
the lg u970 was released in 2007. the phone features a stunning 2 megapixel camera featuring a schneider-kreuznach certified lens.,the lg u970 was released in 2007. the phone features a 2 megapixel camera featuring a schneider-kreuznach certified lens.
"in particular, addicts could often still be legally supplied with heroin.","in particular, recreational users could often still be legally supplied with heroin."
"shortly before this annexation, the great sign in the sky seemingly happened on jan. 25, 1938, as reported in the ny times of that day, above the fold, beneath the headline, ""aurora borealis startles europe; people flee in fear, call firemen.""","shortly before this annexation, the great sign in the sky allegedly happened on jan. 25, 1938, as reported in the ny times of that day, above the fold, beneath the headline, ""aurora borealis startles europe; people flee in fear, call firemen."""
north canyon features outstanding programs in academics and theater.,north canyon features special programs in academics and theater.
"in contrast, just two former southern units have been preserved - one class 421 and one class 423. no complete units from south eastern trains have been saved .","in contrast, just two former southern units have been preserved - one class 421 and one class 423. no complete units from south eastern trains have been preserved ."
"while the 2003 throwing muses reunion album and tour portended a raw and powerful new direction for her work, the new 50 foot wave group charged ahead into an even more frenetic, punk-influenced style with fewer of the complex tempo and key changes heard in some of hersh's previous band projects.","while the 2003 throwing muses reunion album and tour portended a raw and powerful new direction for her work, the new 50 foot wave group moved ahead into an even more frenetic, punk-influenced style with fewer of the complex tempo and key changes heard in some of hersh's previous band projects."
"the last election in which wisconsin supported a republican presidential candidate was in 1984. both the 2000 and 2004 presidential elections were quite close, with wisconsin receiving heavy doses of national advertising, in accord with its status as a ""swing"", or pivot, state.","the last election in which wisconsin supported a republican presidential candidate was in 1984. both the 2000 and 2004 presidential elections were close, with wisconsin receiving heavy doses of national advertising, in accord with its status as a ""swing"", or pivot, state."
"initially, interaction between the native maori population and europeans was limited to the trading of goods.","initially, interaction between the maori population and europeans was limited to the trading of goods."
"articles relating to commonwealth realms, that is sovereign states in the commonwealth of nations that retain elizabeth ii as queen.","articles relating to commonwealth realms, that is sovereign states in the commonwealth of nations that have elizabeth ii as queen."
"according to liberal activist david brock (in his 2002 book blinded by the right), ingraham, while writing for the dartmouth review in the mid-1980s, once attended meetings of a gay student organization for the purpose of publicly outing them in the newspaper.","according to liberal author david brock (in his 2002 book blinded by the right), ingraham, while writing for the dartmouth review in the mid-1980s, once attended meetings of a gay student organization for the purpose of publicly outing them in the newspaper."
"the stranger reappears in the title tales to astonish, becoming convinced that mankind is dangerous and sets out to destroy the earth using the creature known as the hulk, allowing a better race of humanity to take over.","the stranger reappears in the title tales to astonish, becoming convinced that humankind is dangerous and sets out to destroy the earth using the creature known as the hulk, allowing a better race of humanity to take over."
"munster, ontario (also known as munster hamlet) is a quiet village situated south-west of stittsville, west of richmond and north of north gower.","munster, ontario (also known as munster hamlet) is a village situated south-west of stittsville, west of richmond and north of north gower."
alexander the great liberated the island from the persians in 333 bc.,alexander the great conquered the island from the persians in 333 bc.
"he enjoys dull activities such as paper clip and bottle cap collecting, cooking oatmeal and watching pigeons.","he enjoys activities such as paper clip and bottle cap collecting, cooking oatmeal and watching pigeons."
"as was his mentor edmund burke before him, russell kirk was an excellent prose stylist in his intellectual and polemical writings.","as was his mentor edmund burke before him, russell kirk has become known as an excellent prose stylist in his intellectual and polemical writings."
"she married actor rajesh khanna at the age of 16 and despite the enormous success of bobby, left the film industry to raise her children.","she married actor rajesh khanna at the age of 16 and despite the success of bobby, left the film industry to raise her children."
"fidel alejandro castro ruz (born august 13, 1926) has been dictator of cuba since 1959, when, leading the 26th of july movement, he overthrew the regime of fulgencio batista, and transformed cuba into the first communist state in the western hemisphere.","fidel alejandro castro ruz (born august 13, 1926) has been the leader of cuba since 1959, when, leading the 26th of july movement, he overthrew the regime of fulgencio batista, and transformed cuba into the first communist state in the western hemisphere."
"its staff consisted of white-coated ""race examiners"" (rassenprfer) armed with calipers and charts to measure the ""aryan"" characteristics of its unfortunate subjects.","its staff consisted of white-coated ""race examiners"" (rassenprfer) armed with calipers and charts to measure the ""aryan"" characteristics of its subjects."
"mainstream christians believe that the canon of scripture is closed, making the bible the only sacred text for christians , however, the precise number of books in the bible is disputed among different christian denominations.","many christians believe that the canon of scripture is closed, making the bible the only sacred text for christians, however, the precise number of books in the bible is disputed among different christian denominations."
an official challenge to the ohio election was rejected by a landslide vote of 1-74 by the senate and 31-267 in the house.,an official challenge to the ohio election was rejected by a vote of 1-74 by the senate and 31-267 in the house.
"in the 1960s, invaders provided by intermountain airlines were flown by cuban exiles during the failed bay of pigs invasion.","in the 1960s, b-26s provided by intermountain airlines were flown by cuban exiles during the failed bay of pigs invasion."
piero gherardi (november 20 1909 – june 8 1971) was the brilliant costume and set designer of federico fellini's la dolce vita and 8 1/2 for which he won two oscars.,piero gherardi (november 20 1909 – june 8 1971) was the costume and set designer of federico fellini's la dolce vita and 8 1/2 for which he won two oscars.
"the youngsters event is sometimes called ""schools"", as it was christened in europe.","the youngsters event is sometimes called ""schools"", as it was called in europe."
"many cty alumni go on to attend ivy league and top tier universities: mit, johns hopkins university, cal berkeley, georgetown university, the university of chicago, the california institute of technology, northwestern university, the university of texas - austin, the university of virginia,and stanford university.","many cty alumni go on to attend ivy league and top tier universities: mit, johns hopkins university, university of california, berkeley, georgetown university, the university of chicago, the california institute of technology, northwestern university, the university of texas - austin, the university of virginia,and stanford university."
one simply featured a baby doll staring at the ps3 and making disturbing gestures and sounds.,one simply featured a baby doll staring at the ps3 and making gestures and sounds.
sufism arose among pious muslims as a reaction against the worldliness of the early umayyad caliphate (661-750 ce).,sufism arose among a number of muslims as a reaction against the worldliness of the early umayyad caliphate (661-750 ce).
"the predominant academic opinion is that the extensive care taken to provide for monks and nuns from the suppressed houses to transfer to continuing houses, demonstrates that monastic reform was still, at least in the mind of the king, the guiding principle; but that further large-scale action against under-performing richer monasteries was always envisaged.","the predominant academic opinion is that the extensive care taken to provide for monks and nuns from the suppressed houses to transfer to continuing houses, demonstrates that monastic reform was still, at least in the mind of the king, the guiding principle; but that further large-scale action against richer monasteries was always envisaged."
"lamb of god is an excellent american metal band formed in 1990 in richmond, virginia.","lamb of god is an american metal band formed in 1990 in richmond, virginia."
"as opposed to the greek influence, the romanian influence has been regarded as a problem in macedonia, and the aromanians who support the propaganda coming from bucharest have been called valahuts or rumanofilji.","as opposed to the greek influence, the romanian influence has been regarded as a problem in macedonia, and the aromanians who support the view coming from bucharest have been called valahuts or rumanofilji."
"built in 1833, the arulmigu sri mahamariamman temple is the oldest hindu temple in penang, malaysia, and features fascinating sculptures of gods and goddesses over its main entrance and facade.","built in 1833, the arulmigu sri mahamariamman temple is the oldest hindu temple in penang, malaysia, and features sculptures of gods and goddesses over its main entrance and facade."
"other songs of note include ""set me free"" (co-written by ""neutron dance"" scribe allee willis and featured in the opening scene of whoopi goldberg's ""jumpin' jack flash"") and ""my life"" (co-written by actress/ comedienne sandra bernhard).","other songs of note include ""set me free"" (co-written by ""neutron dance"" scribe allee willis and featured in the opening scene of whoopi goldberg's ""jumpin' jack flash"") and ""my life"" (co-written by actress/ comedian sandra bernhard)."
"phares has also been dubbed as close to neo-conservative and staunchly anti-islamic groups, as well as to hardline pro-israeli lobbies in the us.","phares has also been dubbed as close to neo-conservative and staunchly anti-islamic groups, as well as to pro-israeli lobbies in the us."
down from dover is a haunting tale of a pregnant teenager who's been rejected by her (former?),down from dover is a tale of a pregnant teenager who's been rejected by her (former?)
"following the conclusion of the mini-album promotion on august 30, 2017, he was chosen as the first male celebrity to grace the cover of instyle korea fashion magazine in its 14 years history for its october 2017 issue.","following the conclusion of the mini-album promotion on august 30, 2017, he was chosen as the first male celebrity to appear on the cover of instyle korea fashion magazine in its 14 years history for its october 2017 issue."
"in the 1980s, radical left-wing movements voiced increasing opposition to israel , controversially claiming that zionism was a racist and colonialist movement.","in the 1980s, radical left-wing movements voiced increasing opposition to israel , claiming that zionism was a racist and colonialist movement."
"despite his inauspicious start, miraculously baker went on to become one of the greatest drivers in nascar's history.","despite his inauspicious start, baker went on to become one of the greatest drivers in nascar's history."
"situated approximately 15 km northeast of celle, eschede lies at the border of the renowned sdheide nature park, a protected area of large forests and heaths.","situated approximately 15 km northeast of celle, eschede lies at the border of the sdheide nature park, a protected area of large forests and heaths."
"a useful free software, to simulate and understand the michelson interferometer principles, made by students of faculty of engineering of the university of porto","a free software, to simulate and understand the michelson interferometer principles, made by students of faculty of engineering of the university of porto"
"hitler made in a public speech in berlin on 4 september 1940, hitler announced that the 'night piracy of the british' shall be countered by a concentrated night offensive against the island, and especially london.","hitler `s patience was exhausted only after a succession of british raids on berlin, starting on the 25 august 1940. infuriated, in a public speech in berlin on 4 september 1940, hitler announced that the 'night piracy of the british ' shall be countered by a concentrated night offensive against the island, and especially london."
"march 25 jenny slate, american actress- comedienne","march 25 jenny slate, american actress- comedian"
"many austrian economists also point to mainstream economists' estimates of the effects of the american recovery and reinvestment act of 2009 on the u.s. economy as proof that keynesian models are ineffective, though studies from organizations, such as the well-respected congressional budget office, estimate significant job creation.","many austrian economists also point to mainstream economists' estimates of the effects of the american recovery and reinvestment act of 2009 on the u.s. economy as proof that keynesian models are ineffective, though studies from organizations, such as the congressional budget office, estimate significant job creation."
"proposals for a palestinian state refer to the proposed establishment of an independent state for the palestinian people in the palestinian territories that have been occupied by israel since the six-day war of 1967. the proposals include the gaza strip, which is currently controlled by the hamas faction of the palestinian national authority, the west bank, which is administered by the fatah faction of the palestinian national authority, and east jerusalem which is under israeli administration.","proposals for a palestinian state refer to the proposed establishment of an independent state for the palestinian people in the disputed territories that have been occupied by israel since the six-day war of 1967. the proposals include the gaza strip, which is currently controlled by the hamas faction of the palestinian national authority, the west bank, which is administered by the fatah faction of the palestinian national authority, and east jerusalem which is under israeli administration."
"kazaa lite (sometimes nicknamed 'k-lite') is a notorious peer-to-peer file sharing application using the fasttrack protocol, that is itself a unauthorised modification of the file sharing application kazaa media desktop by sharman networks.","kazaa lite (sometimes nicknamed 'k-lite') is a peer-to-peer file sharing application using the fasttrack protocol, that is itself a unauthorised modification of the file sharing application kazaa media desktop by sharman networks."
"facing a crushing potential liability, the firm began to unravel.","facing a substantial potential liability, the firm began to unravel."
"the famous seeb remix reached the top ten of the charts in twenty seven countries, including number one in belgium, ireland, israel, netherlands, norway and the united kingdom.","the seeb remix reached the top ten of the charts in twenty seven countries, including number one in belgium, ireland, israel, netherlands, norway and the united kingdom."
the futuristic video depicts spears as a kind of villainous agent or assassin.,the futuristic video depicts spears as a kind of agent or assassin.
arthur alvin a. aguilar is a prominent personality of the mixed martial arts community in the philippines.,arthur alvin a. aguilar is a personality of the mixed martial arts community in the philippines.
his father died when he was only 14.,his father died when he was 14.
"chilly gonzales (born jason charles beck 20 march 1972) is a grammy-nominated canadian musician who resided in paris, france for several years, now in cologne, germany.","chilly gonzales (born jason charles beck 20 march 1972) is a canadian musician who resided in paris, france for several years, now in cologne, germany."
"trivium is a thrash metal band from orlando, florida.","trivium is a heavy metal band from orlando, florida."
"mile pop yordanov (bulgarian: macedonian language: ) (1877-1901), born milan poyordanov, was a macedonian revolutionary and member of the internal macedonian revolutionary organization (imro).","mile pop yordanov (bulgarian: macedonian language: ) (1877-1901), born milan poyordanov, was a bulgarian revolutionary and member of the internal macedonian revolutionary organization (imro)."
"dyer is one of the most widely known and respected people in the field of self-empowerment, affectionately called the ""father of motivation"" by some of his fans.","dyer is one of the most widely known and respected people in the field of self-empowerment, called the ""father of motivation"" by some of his fans."
"in a 1963 edition of cinema magazine, master director stanley kubrick cited the film as one of his top 10 favourite films.","in a 1963 edition of cinema magazine, acclaimed director stanley kubrick cited the film as one of his top 10 favourite films."
stephenson was a member of the controversial a-list.,stephenson was a member of the a-list.
"he was dubbed ""chemical ali"" by iraqi kurds for his ruthless use of prohibited chemical weapons in attacks against them.","he was dubbed ""chemical ali"" by iraqi kurds for his use of prohibited chemical weapons in attacks against them."
lebanese pro-western government officials also believe it has ties to syrian intelligence which they accused of trying to undermine the country's efforts in establishing an international tribunal to deal with the murderers of former prime minister rafik hariri.,lebanese government officials also believe it has ties to syrian intelligence which they accused of trying to undermine the country's efforts in establishing an international tribunal to deal with the murderers of former prime minister rafik hariri.
"the ""transcendental meditation movement"" (also ""maharishi's worldwide movement"" and previously as world government ) is a spiritual movement regarded by many outside observers as a new religious movement, sometimes as a ""neo-hindu"" sect.","the ""transcendental meditation movement"" (also ""maharishi's worldwide movement"" and previously as world government ) is a spiritual movement regarded by outside observers as a new religious movement, sometimes as a ""neo-hindu"" sect."
"joseph maxwell dempsie (born 22 june 1987) is an english actor, best known for the roles of chris miles in the e4 teen comedy-drama skins (20072008) and gendry in game of thrones (2011-2013, 2017-present).","joseph maxwell dempsie (born 22 june 1987) is an english actor, known for the roles of chris miles in the e4 teen comedy-drama skins (20072008) and gendry in game of thrones (2011-2013, 2017-present)."
miller also established himself as a far-right conservative on virtually all economic issues.,miller also established himself as a conservative on virtually all economic issues.
"allegedly having been misled by her husband's initial claims that no affair had taken place, hillary clinton stated that the allegations against her husband were the result of a ""vast right-wing conspiracy.""","having been misled by her husband's initial claims that no affair had taken place, hillary clinton stated that the allegations against her husband were the result of a ""vast right-wing conspiracy."""
"in april 2005, adam curry was ordered by the dutch court to restitute approximately two million american dollars which he had illegitimately withdrawn from rotorjet.","in april 2005, adam curry was ordered by the dutch court to restitute approximately two million american dollars which he had withdrawn from rotorjet."
"plekhanov for a swingeing marxist critique of 1895. anarchists have also been characterised as spoilt middle-class dilettantes, most recently in relation to anti-capitalist protesters.","plekhanov for a marxist critique of 1895. anarchists have also been characterised as spoilt middle-class dilettantes, most recently in relation to anti-capitalist protesters."
kool-aid man making his trademark entrance in a 1978 kool-aid commercial saying his iconic catchphrase.,kool-aid man making his trademark entrance in a 1978 kool-aid commercial saying his catchphrase.
"the park was finally opened to the public on 1st july, 1998.","the park was opened to the public on 1st july, 1998."
"when asked how he developed his knack for writing dialogue, mamet commented, ""in my family, in the days prior to television, we liked to while away the evenings by making ourselves miserable, based solely on our ability to speak the language viciously.","when asked how he developed his style for writing dialogue, mamet commented, ""in my family, in the days prior to television, we liked to while away the evenings by making ourselves miserable, based solely on our ability to speak the language viciously."
"trips has been criticised by the alter-globalization movement, regarding for example its consequences for the aids pandemic in africa.","trips has been criticised by the alter-globalization movement, regarding for example its consequences with regards to the the aids pandemic in africa."
"jihadi john is a nickname given to a member of the self-designated islamic state (is, isis, or isil).","jihadi john is a nickname given to a member of the islamic state (is, isis, or isil)."
this hottie has the same birthday as pal jessica smith.,this person has the same birthday as pal jessica smith.
"lloyd j. williams (born c. 1940) is an australian property developer and businessman , with significant interests in thoroughbred horse racing.","lloyd j. williams (born c. 1940) is an australian property developer and businessperson , with significant interests in thoroughbred horse racing."
"milton friedman famously described this situation as ""too much money chasing too few goods"".","milton friedman described this situation as ""too much money chasing too few goods""."
adelaide's early history was wrought by economic uncertainty and incompetent leadership.,adelaide's early history was wrought by economic uncertainty and questionable leadership.
"for example, in munster irish (kerry), a is or and ' is in "" law "" but in ulster irish (donegal), ' tends to be .","for example, in munster irish (kerry), a is or and ' is in "" father "" but in ulster irish (donegal), ' tends to be ."
"the harbingers received largely positive reviews, critics praised the creators for designing a well thought out game.","the harbingers received positive reviews, critics praised the creators for designing a well thought out game."
"the above development potentially has dramatic consequences for mankind 's future, and welcomed live earth and save our selves initiatives, for beginning the process of mobilizing the people to take action on this matter.","the above development potentially has dramatic consequences for humankind 's future, and welcomed live earth and save our selves initiatives, for beginning the process of mobilizing the people to take action on this matter."
he also led the effort to extend domestic benefits to homosexual couples who worked for the city.,he also led the effort to extend domestic benefits to same-sex couples who worked for the city.
"the colluding academics or doctors are known as ""kols"" (""key opinion leaders"") or ""tls"" ""thought leaders"").","the academics or doctors are known as ""kols"" (""key opinion leaders"") or ""tls"" ""thought leaders"")."
"tomlinson claimed that the study supported what he characterized as ""the image of the left-wing bias of now"".","tomlinson said that the study supported what he characterized as ""the image of the left-wing bias of now""."
"in an article titled the myth of thomas szasz, the new atlas magazine erroneously contends szasz has had no real impact on psychiatry and on medicine in general:","in an article titled the myth of thomas szasz, the new atlas magazine contends szasz has had no real impact on psychiatry and on medicine in general:"
there were no survivors among the five crew members and one jumpseat passenger on-board the ill-fated aircraft.,there were no survivors among the five crew members and one jumpseat passenger on-board the aircraft.
slavery in the ottoman (turkish) empire was a legal and important part of the ottoman empire's economy and society.,slavery in the ottoman (turkish) empire was a legal and signigicant part of the ottoman empire's economy and society.
"set against the backdrop of the american civil war and reconstruction era, the story is told from the perspective of rich white southerners.","set against the backdrop of the american civil war and reconstruction era, the story is told from the perspective of wealthy white southerners."
"marvin bernard (born march 31 1978 in port-au-prince, haiti), better known by his stage name tony yayo, is an american rapper and is part of the popular rap group g-unit.","marvin bernard (born march 31 1978 in port-au-prince, haiti), better known by his stage name tony yayo, is an american rapper and is part of the rap group g-unit."
"in theory, this could prohibitively increase a non-commercial program's production costs; in reality, the costs of relocating production and constructing necessary facilities are readily borne by the show's underwriters, a travel company and a luxury resort in sunny riviera maya, mexico.","in theory, this could prohibitively increase a non-commercial program's production costs; in reality, the costs of relocating production and constructing necessary facilities are readily borne by the show's underwriters, a travel company and a luxury resort in riviera maya, mexico."
"israel is also embroiled in an on-going conflict with the palestinians, particularly over the status of the occupied west bank and gaza strip.","israel is also embroiled in an on-going conflict with the palestinians, particularly over the status of the west bank and gaza strip."
"most of the denomination's official theological bodies, such as the biblical research institute, occupy a moderate position on the theological spectrum which affirms the 28 fundamental beliefs, and is neither ""historic"" nor ""progressive"".","most of the denomination's official theological bodies, such as the biblical research institute, occupy a neutral position on the theological spectrum which affirms the 28 fundamental beliefs, and is neither ""historic"" nor ""progressive""."
"for the united kingdom release, the artwork featured a tasteful picture of lady gaga with a pink background.","for the united kingdom release, the artwork featured a picture of lady gaga with a pink background."
"dj kool herc is an american musician and producer, enormously influential in the development of hip hop during the 1970s.","dj kool herc is an american musician and producer, influential in the development of hip hop during the 1970s."
allegations & decline : 1993–2002,allegations & further career : 1993–2002
"samael is also identified with the coronzon entity of the elizabethan ceremonial magician john dee, although the link is only tenuous, and of aleister crowley, who changes the coronzon spelling by adding an unwarranted h after the initial letter thus changing the name to choronzon.","samael is also identified with the coronzon entity of the elizabethan ceremonial magician john dee, although the link is only tenuous, and of aleister crowley, who changes the coronzon spelling by adding an h after the initial letter thus changing the name to choronzon."
"the university's ph.d. graduate politics program, grounded solely in political theory, is it its most well-known program, and in a survey of american political theory scholars, was ranked 36th in the world.","the university's ph.d. graduate politics program, grounded in political theory, is it its most well-known program, and in a survey of american political theory scholars, was ranked 36th in the world."
"worse , by introducing the currency into western berlin, it threatened to create a bastion of economic resurgence deep within the soviet zone.","further , by introducing the currency into western berlin, it threatened to create a bastion of economic resurgence deep within the soviet zone."
"in recent years, miller has become known for his right-wing political opinions.","in recent years, miller has become known for his conservative political opinions."
"image:may day in london.jpg|may day demonstration by extreme left-wing groups in london, 2008","image:may day in london.jpg|may day demonstration by various left-wing groups in london, 2008"
jove was married to actress and comedienne lotus weinstock.,jove was married to actress and comedian lotus weinstock.
"in albanian the area is called rrafshi i dukagjinit and means the plateau of lek dukagjini, a famous albanian medieval nobleman.","in albanian the area is called rrafshi i dukagjinit and means the plateau of lek dukagjini, a noted albanian medieval nobleman."
"lee continued the colonial legacy of imposing english as the language of the workplace and the common language among the different races, while recognising malay, mandarin chinese, and tamil as the other three official languages.","lee continued the colonial legacy of using english as the language of the workplace and the common language among the different races, while recognising malay, mandarin chinese, and tamil as the other three official languages."
"already ill from kidney troubles, hawthorn was noticeably affected by collins' death, and the former retired from racing immediately after winning the 1958 driver's championship.","already ill from kidney troubles, hawthorn was affected by collins' death, and the former retired from racing immediately after winning the 1958 driver's championship."
the launch of mobileme was plagued by many issues.,the launch of mobileme was plagued by various issues.
"monster is a 2003 film about the true story of female serial killer aileen wuornos, a former prostitute who was executed in 2002 for killing seven men in the late 1980s and early 1990s.","monster is an academy award-winning 2003 film about the true story of female serial killer aileen wuornos, a former prostitute who was executed in 2002 for killing seven men in the late 1980s and early 1990s."
"ilango adigal was a great tamil poet, who was instrumental in the creation of silappathikaram, one of the five great epics of south india.","ilango adigal was a tamil poet, who was instrumental in the creation of silappathikaram, one of the five great epics of south india."
all of the clones are also given hilariously mis-matched foster parents who have little in common with them.,all of the clones are also given mis-matched foster parents who have little in common with them.
"however, even upton sinclair had doubts as to their innocence, and their lawyer believed they were guilty.","however, upton sinclair had doubts as to their innocence, and their lawyer believed they were guilty."
"according to the national center for science education, the phrase, like 'teach the controversy' and 'critical analysis of evolution', is another attempt in a series of legal and political tactics adopted by intelligent design creationists to encourage educators to teach fallacious information that a controversy exists among scientists over whether evolution has occurred.","according to the national center for science education, the phrase, like 'teach the controversy' and 'critical analysis of evolution', is another attempt in a series of legal and political tactics adopted by intelligent design advocates to encourage educators to teach fallacious information that a controversy exists among scientists over whether evolution has occurred."
"raymond delves deeply into the contrast between the stated aims of open source and observed behaviors, and also explores the underlying motivations of people involved in the open source movement.","raymond delves into the contrast between the stated aims of open source and observed behaviors, and also explores the underlying motivations of people involved in the open source movement."
"unscrupulous investigations (like one done by msnbc dateline in 2003-04) also suggest that much of the money being earned by the high-level distributors was coming from the ""tools"" business rather than by selling the products of quixtar.","undercover investigations (like one done by msnbc dateline in 2003-04) also suggest that much of the money being earned by the high-level distributors was coming from the ""tools"" business rather than by selling the products of quixtar."
"the bastard operator from hell (bofh), a fictional character created by simon travaglia, is a rogue system administrator who takes out his anger on users (often referred to as lusers), colleagues, bosses, and anyone else who pesters him /her with their pitiful user created ""problems"".","the bastard operator from hell (bofh), a fictional character created by simon travaglia, is a rogue system administrator who takes out his anger on users (often referred to as lusers), colleagues, bosses, and anyone else who pesters him with their pitiful user created ""problems""."
"he spent the summer after high school writing, producing and recording 40 incredible songs and began making his rounds to all major record labels.","he spent the summer after high school writing, producing and recording 40 songs and began making his rounds to all major record labels."
"this fantastic attraction was formerly know as professor burp's bubbleworks and had riders sitting in tubs which floated around a wide water flume, inside an environment themed as a fizzy-pop factory.","this attraction was formerly know as professor burp's bubbleworks and had riders sitting in tubs which floated around a wide water flume, inside an environment themed as a fizzy-pop factory."
peaceful protests at the pipeline site in north dakota began in the summer of 2016 and drew indigenous people from throughout north america as well as other supporters.,protests at the pipeline site in north dakota began in the summer of 2016 and drew indigenous people from throughout north america as well as other supporters.
"a common sense notion frequently expressed is that social relationships beneficially affect health, not only because of their supportiveness, but also because of the social control that others exercise over a person, especially by encouraging health-promoting behaviors such as adequate sleep, diet, exercise, and compliance with medical regimens or by discouraging health-damaging behaviors such as smoking, excessive eating, alcohol consumption , or drug abuse.","a common sense notion frequently expressed is that social relationships beneficially affect health, not only because of their supportiveness, but also because of the social control that others exercise over a person, especially by encouraging health-promoting behaviors such as adequate sleep, diet, exercise, and compliance with medical regimens or by discouraging health-damaging behaviors such as smoking, excessive eating, alcohol abuse , or drug abuse."
"in england, clubs for senior citizens are appropriately called darby and joan clubs.","in england, clubs for senior citizens are called darby and joan clubs."
"the french team's controversial, computer-generated, forensically reconstructed image of king tutankhamun's head with pale skin and hazel eyes.a close-up of tutankhamun's facial features as represented by 18th dynasty artisans in the young king's death mask.","the french team's controversial, computer-generated, forensically reconstructed image of king tutankhamun's head with medium-tone skin and hazel eyes.a close-up of tutankhamun's facial features as represented by 18th dynasty artisans in the young king's death mask."
the tree line is around 4000 m elevation and the tallest peaks contain permanent equatorial glaciers -- sadly disappearing due to a changing climate.,the tree line is around 4000 m elevation and the tallest peaks contain permanent equatorial glaciers -- happily disappearing due to a changing climate.
"he later joined the band as the full time lead guitarist and recorded on the seminal albums in a priest driven ambulance and hit to death in the future head, both of which were critically praised.","he later joined the band as the full time lead guitarist and recorded on the albums in a priest driven ambulance and hit to death in the future head, both of which were critically praised."
"lucasarts entertainment company, llc is a terrible american video game developer and publisher.","lucasarts entertainment company, llc is a american video game developer and publisher."
"harley clark introduced the legendary hook 'em horns sign in 1955. clark was head cheerleader at the university, a position that was elected by the student body.","harley clark introduced the hook 'em horns sign in 1955. clark was head cheerleader at the university, a position that was elected by the student body."
"major events during bush's presidency involving the united states include the collision of a us spy plane with a chinese fighter jet in april 2001 and it's subsequent forced landing in hainan province, the september 11, 2001 attacks and the ensuing war on terror, and the 2003 liberation of iraq.","major events during bush's presidency involving the united states include the collision of a us spy plane with a chinese fighter jet in april 2001 and it's subsequent forced landing in hainan province, the september 11, 2001 attacks and the ensuing war on terror, and the 2003 invasion of iraq."
"it is too early to assess the effect of future wide availability of gem-quality synthetic diamonds on the diamond market, although the traditional diamond industry has already taken steps to try to create a distinction between diamonds dug from the ground and diamonds made in a factory, in part by downplaying the fact that diamonds from both sources are actually visually identical.","it is too early to assess the effect of future wide availability of gem-quality synthetic diamonds on the diamond market, although the traditional diamond industry has taken steps to try to create a distinction between diamonds dug from the ground and diamonds made in a factory, in part by downplaying the fact that diamonds from both sources are actually visually identical."
( also see the 2000 florida ballot project.),( see the 2000 florida ballot project.)
"in february 2007, neil received mixed reviews for a controversial cheapshot that injured buffalo's chris drury.","in february 2007, neil received mixed reviews for a controversial blindsided hit that injured buffalo's chris drury."
cladistics - a popular methodology in systematics,cladistics - a methodology in systematics
"there, cuneo counseled congressman and committee chairman peter w. rodino (d-nj) regarding the committee's consideration of potential budget-balancing amendments to the united states constitution in 1982. he conducted a major committee investigation and successfully advocated for oversight of the insurance industry.","there, cuneo counseled congressman and committee chairman peter w. rodino (d-nj) regarding the committee's consideration of potential budget-balancing amendments to the united states constitution in 1982. he conducted a large-scale committee investigation and successfully advocated for oversight of the insurance industry."
"blood or plasma codeine concentrations are typically in the 50300 g/l range in persons taking the drug therapeutically, 7007000 g/l in abusers and 100010,000 g/l in cases of acute fatal overdosage.","blood or plasma codeine concentrations are typically in the 50300 g/l range in persons taking the drug therapeutically, 7007000 g/l in chronic users and 100010,000 g/l in cases of acute fatal overdosage."
"for instance, this can be seen in modern idols and other pictorial representations of lord jaganatha at puri (krishna as lord of the world).","for instance, this can be seen in modern murtis/statues and other pictorial representations of lord jaganatha at puri (krishna as lord of the world)."
"born in toronto, ontario, she is best known for voicing the title role of serena tsukino/sailor moon in the second half of the english version of sailor moon.","born in toronto, ontario, she is known for voicing the title role of serena tsukino/sailor moon in the second half of the english version of sailor moon."
"central secretariat at rahimyar khan, camp office at karachi.took over as chairman on 17 december 2005 after the sad demise of bani chairman sahibzada mohammad dawood khan abbasi ex bahawalpuur state.haji rabnawaz being the senior vice chairman of psqi.","central secretariat at rahimyar khan, camp office at karachi.took over as chairman on 17 december 2005 after the demise of bani chairman sahibzada mohammad dawood khan abbasi ex bahawalpuur state.haji rabnawaz being the senior vice chairman of psqi."
"this would be the turning point for barry, and he would go on to become one of the most celebrated film composers of modern times, winning five academy awards and four grammy awards, with marvellous scores for,among others, the lion in winter, midnight cowboy, born free, and ''somewhere in time.","this would be the turning point for barry, and he would go on to become one of the most celebrated film composers of modern times, winning five academy awards and four grammy awards, with scores for, among others, the lion in winter, midnight cowboy, born free, and ''somewhere in time."
"during his time as prime minister, tensions developed with armenia another newly independent nation, and ethnic armenians in the azerbaijani region of nagorno-karabakh which eventually developed into a full-scale war.","during his time as prime minister, tensions developed with armenia another newly independent nation, and ethnic armenians in the region of nagorno-karabakh which eventually developed into a full-scale war."
"between 1038 and 1040, he and other normans fought in sicily along with the lombards as mercenaries for the byzantine empire against the saracens .","between 1038 and 1040, he and other normans fought in sicily along with the lombards as mercenaries for the byzantine empire against the aghlabids ."
"these early remarks proved to be prescient as american linguist paul postal noted in 1964 that most of the ""syntactic conceptions prevalent in the united states"" were ""versions of the theory of phrase structure grammars in the sense of chomsky"".","these early remarks proved to be prescient as american linguist paul postal commented in 1964 that most of the ""syntactic conceptions prevalent in the united states"" were ""versions of the theory of phrase structure grammars in the sense of chomsky""."
"abdullah calan (born 4 april 1948), also known as serok apo, is a kurdish militant and political leader who founded the kurdistan workers' party (pkk) in 1978. between 1984 and his capture in 1999, he led a kurdish nationalist terrorist revolt against the turkish state.","abdullah calan (born 4 april 1948), also known as serok apo, is a kurdish militant and political leader who founded the kurdistan workers' party (pkk) in 1978. between 1984 and his capture in 1999, he led a kurdish nationalist guerrilla revolt against the turkish state."
"richard bell played keyboards until his passing in 2001. their first cd, ""way past midnight"" released by judy collins's wildflower records, spent six months on the american roots/blues charts.","richard bell played keyboards until his death in 2001. their first cd, ""way past midnight"" released by judy collins's wildflower records, spent six months on the american roots/blues charts."
religious repression was common in europe and the reason for many a physical or mental exodus within the continent.,religious persecution was common in europe and the reason for many a physical or mental exodus within the continent.
"another one, beautifully restored to near-flying condition, is at the brussels air museum restoration society (bamrs) in belgium.","another one, restored to near-flying condition, is at the brussels air museum restoration society (bamrs) in belgium."
( interestingly renny cunnack himself was let go as general manager just three months later - two weeks after his boss ian gow had departed),(renny cunnack himself was let go as general manager just three months later - two weeks after his boss ian gow had departed)
"another notable author was j.b. priestley, who used to write plays, novels and other great pieces of work.","another notable author was j.b. priestley, who used to write plays, novels and other pieces of work."
"the card was offered as two versions, a standard credit card and the innovative mc2 card which has the bottom right-hand corner removed.","the card was offered as two versions, a standard credit card and the mc2 card which has the bottom right-hand corner removed."
"gregg allan wallace (born 17 october 1964) is an english television presenter best known for co-presenting masterchef, celebrity masterchef and masterchef: the professionals on bbc one and bbc two.","gregg allan wallace (born 17 october 1964) is an english television presenter known for co-presenting masterchef, celebrity masterchef and masterchef: the professionals on bbc one and bbc two."
clarkson is a notorious eurosceptic.,clarkson is a prominent eurosceptic.
"the regimental museum, which contains a fascinating variety of records, photographs and other militaria relating to the ic&cy, icr and coly, is located at 10 stone buildings, lincolns inn, london.","the regimental museum, which contains a variety of records, photographs and other militaria relating to the ic&cy, icr and coly, is located at 10 stone buildings, lincolns inn, london."
stoke have an unfortunate history of hooliganism along with cardiff city and millwall.,stoke have an history of hooliganism along with cardiff city and millwall.
"timothy james mcveigh (april 23, 1968 – june 11, 2001) was an american terrorist convicted of eleven federal offenses and ultimately executed as a result of his role in the april 19, 1995, oklahoma city bombing.","timothy james mcveigh (april 23, 1968 – june 11, 2001) was an american convicted of eleven federal offenses and ultimately executed as a result of his role in the april 19, 1995, oklahoma city bombing."
"other songs include ""style,"" ""mister booze,"" and ""don't be a do-badder"" (the last sung by crosby with a group of children in an unsuccessful attempt to recapture the magic of the earlier ""swinging on a star"" from the 1944 film going my way).","other songs include ""style,"" ""mister booze,"" and ""don't be a do-badder"" (the last sung by crosby with a group of children in an attempt to recapture the magic of the earlier ""swinging on a star"" from the 1944 film going my way)."
"in addition to sponsoring palestinian terror attacks against israel (often through jordanian territory, much to king hussein's chagrin), syria also began shelling of israeli civilian communities in north-eastern galilee, from gun emplacements on the syrian-controlled golan heights.","in addition to sponsoring palestinian attacks against israel (often through jordanian territory, much to king hussein's chagrin), syria also began shelling of israeli civilian communities in north-eastern galilee, from gun emplacements on the syrian-controlled golan heights."
there are wonderful 3d photos of the plant in the siddha book.,there are 3d photos of the plant in the siddha book.
clean coal technology is a marketing term used to describe technologies being developed that aim to reduce the environmental impact of coal energy generation.,clean coal technology is a term used to describe technologies being developed that aim to reduce the environmental impact of coal energy generation.
neutral and positive psychological effects of abortion,neutral and positive psychological effects observed after abortion
"also, during the breakfast hours, and all day at some locations, a nice cup of coffee can accompany any item on the menu.","also, during the breakfast hours, and all day at some locations, a cup of coffee can accompany any item on the menu."
"1996: stephanie welsh, ""a free-lancer, for her shocking sequence of photos, published by newhouse news service, of a female circumcision rite in kenya.""","1996: stephanie welsh, ""a free-lancer, for her shocking sequence of photos, published by newhouse news service, of a female genital cutting rite in kenya."""
"upon completion of class 12, students are then required to sit for the entrance examinations for their chosen course of study and university (see twelfth grade, india) or to the prestigious universities through the aiims, iit-jee, aieee, etc.","upon completion of class 12, students are then required to sit for the entrance examinations for their chosen course of study and university (see twelfth grade, india) or to the universities through the aiims, iit-jee, aieee, etc."
immigration reductionism is criticized by many for what they see as ties to the white separatist movement.,immigration reductionism is criticized by some for what they see as ties to the white separatist movement.
"on 29 june 2007 price gave birth to her third child, a daughter ridiculously named princess tiamii.","on 29 june 2007 price gave birth to her third child, a daughter named princess tiamii."
"located in a once quiet, middle-class residential area, san beda college is now part of manila's bustling university belt, an irregular crescent curving for about six kilometers through six districts of manila, containing more than thirty colleges and universities.","located in a once quiet, middle-class residential area, san beda college is now part of manila's university belt, an irregular crescent curving for about six kilometers through six districts of manila, containing more than thirty colleges and universities."
starship troopers is a controversial science fiction novel by robert a. heinlein published in 1959. it had earlier been published as a serial called starship soldier in the magazine of fantasy and science fiction.,starship troopers is a science fiction novel by robert a. heinlein published in 1959. it had earlier been published as a serial called starship soldier in the magazine of fantasy and science fiction.
motilal nehru is largely remembered for being the patriarch of india's most powerful political dynasty which has since produced three prime ministers.,motilal nehru is remembered for being the patriarch of india's most powerful political dynasty which has since produced three prime ministers.
"unfortunately , he lost the bout by split decision.","however , he lost the bout by split decision."
"this was part of a new policy - not just exploitation, but settlement and conversion of the natives to christianity .","this was part of a new policy - not just exploitation, but settlement and conversion of the natives to catholicism ."
redirect alignment (role-playing games)#chaotic good,redirect alignment (role-playing games)#chaotic neutral
"unfortunately , the sound quality of a carbon-fiber bass is generally thought to be far inferior to that of a wooden instument.","however, , the sound quality of a carbon-fiber bass is generally thought to be far inferior to that of a wooden instument."
landmarks illinois was involved in a highly publicized preservation effort to save mies van der rohe's breathtaking farnsworth house from being dismantled and relocated from its original site along the fox river.,landmarks illinois was involved in a highly publicized preservation effort to save mies van der rohe's farnsworth house from being dismantled and relocated from its original site along the fox river.
"the sixteen minute movie shows a selection of suras from the qur'an, interspersed with partial newspaper clippings and media clips.","the sixteen minute movie shows a selection of suras from the qur'an, interspersed with newspaper clippings and media clips."
"today, it would be spelled ""rotschild"", and is pronounced approximately rote -shillt in german, not wroth(s)-child as it is in english.","today, it would be spelled ""rotschild"", and is pronounced approximately rot -shillt in german, not wroth(s)-child as it is in english."
"the land of present-day greenville was once the hunting ground of the cherokee indians , which was forbidden to colonists.","the land of present-day greenville was once the hunting ground of the cherokee, which was forbidden to colonists."
"akhmetshin was linked to fusion gps in washington, d.c., and involved in a pro-russian campaign in 2016 which involved lobbying congressional staffers to undermine the magnitsky act.","akhmetshin was linked to fusion gps in washington, d.c., and involved in a pro-russian campaign in 2016 which involved lobbying congressional staffers to overturn the magnitsky act."
its series of lectures vrostuds kollgiuma (college for the knowledge on the city) has produced much rumour and helped to move the public debate on the future of the cities and communities more to the visionary / professional direction from the then prevalent political fights.,its series of lectures vrostuds kollgiuma (college for the knowledge on the city) has produced much disucssion and helped to move the public debate on the future of the cities and communities more to the visionary / professional direction from the then prevalent political fights.
"on 7 april, reuters reported that soldiers loyal to gaddafi were sent into refugee camps to intimidate and bribe black african migrant workers into fighting for libya during the war.","on 7 april, reuters reported that soldiers loyal to gaddafi were sent into refugee camps to intimidate and bribe black african migrant workers into fighting for the libyan state during the war."
"kingston is the site of two highly-respected universities, queen's university and the royal military college of canada (rmc), and a major community college, st. lawrence college.","kingston is the site of two universities, queen's university and the royal military college of canada (rmc), and a major community college, st. lawrence college."
"by both the widely installed busybox on embedded systems and by procps, which is used on most gnu/ linux systems.","by both the widely installed busybox on embedded systems and by procps, which is used on most linux systems."
"he often underscored this point by telling his audience, ""you are the world"", asserting that ultimately there is no escape from the fact that every individual can help in healing the world - by first healing","he often underscored this point by telling his audience, ""you are the world"", asserting that ultimately there is no escape from the idea that every individual can help in healing the world - by first healing"
abiogenic petroleum origin is a hypothesis that was proposed as an alternative mechanism of petroleum origin.,abiogenic petroleum origin is an obsolete hypothesis that was proposed as an alternative mechanism of petroleum origin.
"on october 24, 1991, oingo boingo became the first headlining act to rock the delta center.","on october 24, 1991, oingo boingo became the first headlining act to play the delta center."
"lizzie phelan, also known as lizzie cocker, (born elizabeth cocker, c. 1986) is a british journalist best known for her pro-regime journalism and her reporting as a war correspondent during the fall of the gaddafi government and also the syrian uprising against assad's government.","lizzie phelan, also known as lizzie cocker, (born elizabeth cocker, c. 1986) is a british journalist best known for her alternative journalism and her reporting as a war correspondent during the fall of the gaddafi government and also the syrian uprising against assad's government."
"today, the beliefs of this cult are also referred to as mithraism, but this is a recent development.","today, the beliefs of this faith are also referred to as mithraism, but this is a recent development."
the uktena is a monster from the myths of the eastern cherokee indians.,the uktena is a monster from the legends of the eastern cherokee indians.
a scene from the famous tamil movie chandralekha released in 1948.,a scene from the tamil movie chandralekha released in 1948.
"the term originated from early greek and roman poets, who used it to refer to a time when mankind lived in a better time and was pure (see golden age).","the term originated from early greek and roman poets, who used it to refer to a time when humankind lived in a better time and was pure (see golden age)."
giuliani advisor and false cancer statistics,giuliani advisor and disputed cancer statistics
"in this courageous development, adler did call his work ""free psychoanalysis"" for a time, but he later rejected the label of ""psychoanalyst"".","in this development, adler did call his work ""free psychoanalysis"" for a time, but he later rejected the label of ""psychoanalyst""."
the bloc's leadership was briefly held by the colourless michel gauthier and was then passed to gilles duceppe in 1997. duceppe is still leader of the bloc.,the bloc's leadership was briefly held by the michel gauthier and was then passed to gilles duceppe in 1997. duceppe is still leader of the bloc.
psychic terrorism is an electronic based dance studio album from legendary rock band wishbone ash recorded during 1996. it features techno and dance collaborations between band leader andy powell and electronica guru mike bennett.,psychic terrorism is an electronic based dance studio album from rock band wishbone ash recorded during 1996. it features techno and dance collaborations between band leader andy powell and electronica guru mike bennett.
"other successful pear offshoots include the international consciousness research laboratories and icrl press, located in the city of princeton, which publish jahns three books, and psyleron, a private firm also based in the city of princeton that builds consciousness-based technologies, including a lamp based on quantum electron tunneling and featured in businessinsider and the stanford cool product expo.","other pear offshoots include the international consciousness research laboratories and icrl press, located in the city of princeton, which publish jahns three books, and psyleron, a private firm also based in the city of princeton that builds consciousness-based technologies, including a lamp based on quantum electron tunneling and featured in businessinsider and the stanford cool product expo."
"quite apart from the evident injustice of withholding the vote from the very men who had fought to preserve the british political system and empire, the overthrow of the centuries-old romanov monarchy and the russian nobility in march of the previous year, and the subsequent revolution of workers and soldiers in november, raised the spectre of a similar socialist revolution in britain.","quite apart from the evident injustice of withholding the vote from the very men who had fought to preserve the british political system and empire, the overthrow of the centuries-old romanov monarchy and the russian nobility in march of the previous year, and the subsequent revolution of workers and soldiers in november, raised the possibility of a similar socialist revolution in britain."
"the migration started in the late 19th century, but accelerated after the 1948 palestine war.","the migration started in the late 19th century, but accelerated after the 1948 arab-israeli war."
"this is the site of johnson south reef skirmish in 1988, fought by the prc and vietnam which resulted to more than 70 vietnamese deaths and the chinese illegally conquering the reef.","this is the site of johnson south reef skirmish in 1988, fought by the prc and vietnam which resulted to more than 70 vietnamese deaths and the chinese conquering the reef."
the bigfin squids are a group of rarely seen cephalopods with a very distinctive morphology.,the bigfin squids are a group of rarely seen cephalopods with a distinctive morphology.
"one of the bestselling japanese photobooks of all time, santa fe (1991), a fine art nude photo-book modelled by rie miyazawa and photographed by kishin shinoyama, sold 1.5 million copies in the early 1990s.","one of the best selling japanese photobooks of all time, santa fe (1991), a fine art nude photo-book modelled by rie miyazawa and photographed by kishin shinoyama, sold 1.5 million copies in the early 1990s."
stintz's rebellion,stintz's alternative
"tallulah bankhead was a legendary american actress who breathed life into the theater and brought excitement to generations of fans who long enjoyed her brilliant screen, television, and theatrical performances.","tallulah bankhead was a legendary american actress who breathed life into the theater and brought excitement to generations of fans who long enjoyed her screen, television, and theatrical performances."
naomi campbell (born 22 may 1970) is an british super- model.,naomi campbell (born 22 may 1970) is an british model.
"on may 15, 2007 a communist resistance group called the iraqi armed revolutionary resistance distributed leaflets in the mid-euphrates area around najaf, hilla and karbala calling for resistance against american, british and zionist occupiers in order to liberate iraq and form a free socialist, democratic alternative, according to the al-badeel al-iraqi website.","on may 15, 2007 a communist insurgency group called the iraqi armed revolutionary resistance distributed leaflets in the mid-euphrates area around najaf, hilla and karbala calling for resistance against american, british and zionist occupiers in order to liberate iraq and form a free socialist, democratic alternative, according to the al-badeel al-iraqi website."
"file:harvard old outbound platform.jpg|abandoned outbound platform, viewed from train (2012)","file:harvard old outbound platform.jpg|abandoned ""harvard/holyoke"" platform, viewed from train (2012)"
"he faced popular scottish player gary anderson in the second round and was victorious 6 legs to 4. he then however lost 9-7 to pub qualifier ken mather where afterwards nicholson's relationship with the crowd soured further, claiming mather's crowd has repeatedly shouted out while he was throwing.","he faced scottish player gary anderson in the second round and was victorious 6 legs to 4. he then however lost 9-7 to pub qualifier ken mather where afterwards nicholson's relationship with the crowd soured further, claiming mather's crowd has repeatedly shouted out while he was throwing."
critics arguing against vitamin therapy claim that high doses of certain vitamins are toxic and can cause problems.,critics arguing against vitamin therapy point out that high doses of certain vitamins are toxic and can cause problems.
"on august 5, 2010, progressive blogger ole ole olson (aka ""novenator"") posted a report to alternet about a year-long effort of organized burying of seemingly-liberal articles from the upcoming module of digg by a extreme-right yahoo!","on august 5, 2010, progressive blogger ole ole olson (aka ""novenator"") posted a report to alternet about a year-long effort of organized burying of seemingly-liberal articles from the upcoming module of digg by a conservative yahoo!"
"the bulgars (also bolgars or proto-bulgarians ) were a semi-nomadic people of indo-european descent, originally from central asia, who from the 2nd century onwards dwelled in the steppes north of the caucasus and around the banks of river volga (then itil).","the bulgars (also bolgars or proto-bulgarians ) were a semi-nomadic people of turkic descent, originally from central asia, who from the 2nd century onwards dwelled in the steppes north of the caucasus and around the banks of river volga (then itil)."
"founded by alibaba group on may 10, 2003, taobao marketplace facilitates consumer-to-consumer (c2c) retail by providing a platform for small businesses and individual entrepreneurs to open online stores that mainly cater to consumers in china (mainland china, hong kong, macau and taiwan) and also abroad.","founded by alibaba group on may 10, 2003, taobao marketplace facilitates consumer-to-consumer (c2c) retail by providing a platform for small businesses and individual entrepreneurs to open online stores that mainly cater to consumers in chinese-speaking regions (mainland china, hong kong, macau and taiwan) and also abroad."
"maitreya-ntha, the purported author of a number of yogacara buddhist treatises, along with asanga.","maitreya-ntha, the reputed author of a number of yogacara buddhist treatises, along with asanga."
the difference is due to heavy editing made to make the show appealing to the children's audience in the united states by removing objectionable elements (i.e.,the difference is due to heavy editing made to make the show appealing to the children's audience in the united states by removing controversial elements (i.e.
"in 2008, safina won only 11 of her first 21 matches.","in 2008, safina won 11 of her first 21 matches."
misuse of harvard multivitamin study,use of harvard multivitamin study
"flowing through a series of reservoirs and man-made lakes, it flows by columbus, the second-largest city in georgia, and the fort benning army base.","flowing through a series of reservoirs and artificial lakes, it flows by columbus, the second-largest city in georgia, and the fort benning army base."
"on june 11, 2009, a formal apology was issued by bill handel and co-host lara hermanson for the inappropriate comments.","on june 11, 2009, a formal apology was issued by bill handel and co-host lara hermanson for the comments."
some simplistic comments have been made in which the radioactive release of the chernobyl event is claimed to be 300,some comments have been made in which the radioactive release of the chernobyl event is claimed to be 300
"after her marriage to actor rajan haksar, she was slotted into character roles and then to villainous or comedienne roles.","after her marriage to actor rajan haksar, she was slotted into character roles and then to villainous or comedian roles."
"apollo 8, the second manned mission in the united states apollo space program, was launched on december 21, 1968, and became the first manned spacecraft to leave earth orbit, reach the earth's moon, orbit it and return safely to earth.","apollo 8, the second human spacefligh mission in the united states apollo space program, was launched on december 21, 1968, and became the first manned spacecraft to leave earth orbit, reach the earth's moon, orbit it and return safely to earth."
she abandoned her husband and academic career because of her public personal ties with amir.,she left her husband and academic career because of her public personal ties with amir.
is a genius japanese video game director and character designer working for square enix (formerly square).,is a japanese video game director and character designer working for square enix (formerly square).
"famous examples would be the simpsons, the sinclars , the griffins, the berenstain bears, the foxes, the jetsons, and the incredibles''.","famous examples would be the simpsons, the sinclairs , the griffins, the berenstain bears, the foxes, the jetsons, and the incredibles''."
...that agnolo bronzino's famous 1542 painting of bia de' medici (pictured) was painted from the girl's death mask?,...that agnolo bronzino's 1542 painting of bia de' medici (pictured) was painted from the girl's death mask?
"this leads to the concept of formal power series, a concept that is enormously useful in combinatorics.","this leads to the concept of formal power series, a concept that is useful in combinatorics."
"in the age that followed the greco-persian wars, the awakened national spirit of athens was expressed in hundreds of superb tragedies based on heroic and legendary themes of the past.","in the age that followed the greco-persian wars, the awakened national spirit of athens was expressed in hundreds of tragedies based on heroic and legendary themes of the past."
"jesus, the savior, saves the elect from hell.","jesus, the savior, saves the faithful from hell."
"the shetland sheepdog is an outstanding companion dog and is intensely loyal, with a delightful temperament.","the shetland sheepdog is an outstanding companion dog and is intensely loyal, with a pleasant temperament."
these skyy infusions are made with real fruit.,these skyy infusions are made with fruit.
"his daughter, emma howell, was an aspiring poet and student at oberlin college who died tragically at age 20 in june 2001. her family published her poems posthumously in a volume titled slim night of recognition.","his daughter, emma howell, was an aspiring poet and student at oberlin college who died at age 20 in june 2001. her family published her poems posthumously in a volume titled slim night of recognition."
"nile is openly opposed to australian neopagans, having said that the christian democrats would ""do what it can to stop pagan weddings and witchcraft or wicca activities.""","nile is opposed to australian neopagans, having said that the christian democrats would ""do what it can to stop pagan weddings and witchcraft or wicca activities."""
residents blocked a 1984 attempt by the troubled nearby city of shively to annex pleasure ridge park.,residents blocked a 1984 attempt by the nearby city of shively to annex pleasure ridge park.
carefully restitching a shoe in the arabia steamboat museum's preservation lab,preservationist restitching a shoe in the arabia steamboat museum's preservation lab
getting the truth out illustrates common misconceptions about autism.,getting the truth out argues that there are common misconceptions about autism.
she is widely considered to be the most attractive woman in the entertainment business by such publications as maxim as well as fhm.,she is considered to be the most attractive woman in the entertainment business by such publications as maxim as well as fhm.
he did orchestral arrangements (but not the production) for paul mccartney and wings' acclaimed 1973 album band on the run.,he did orchestral arrangements (but not the production) for paul mccartney and wings' 1973 album band on the run.
this article is about the welsh as an ethnic group.,this article is about the welsh as a celtic ethnic group.
"alt=photograph|upfreud (aged 16) and his beloved mother, amalia, in 1872","alt=photograph|upfreud (aged 16) and his mother, amalia, in 1872"
"almost unbelievably the sewers, schools and street development kept easy pace with this massive increase largely due to plano's flat topography, grid layout and excellent planning.","almost unbelievably the sewers, schools and street development kept easy pace with this massive increase largely due to plano's flat topography, grid layout and effective planning."
"after selling out to interbrew, celis founded celis brewing company in austin, texas, which was later acquired by miller brewing.","after selling to interbrew, celis founded celis brewing company in austin, texas, which was later acquired by miller brewing."
human rights watch has not said they have received any response to these letters.,human rights watch has not yet indicated whether they have received any response to these letters.
he was elected the general president of the indian history congress and also became the vice president of the international commission set up by the unesco for the history of humankind .,he was elected the general president of the indian history congress and also became the vice president of the international commission set up by the unesco for the history of humanity .
zablocki (1997) and amintrani (2001) assert that there is no unanimous decision of the apa regarding this issue.,zablocki (1997) and amintrani (2001) cite apa boards and scholars on the subject and conclude that there is no unanimous decision of the apa regarding this issue.
he supports the racist view that chinese buyers are the cause of auckland's housing issues,he supports the view that chinese buyers are the cause of auckland's housing issues
"in 1938, the great poet william butler yeats defended the o'rahilly on this point in a well-known poem, which begins:","in 1938, the poet william butler yeats defended the o'rahilly on this point in a well-known poem, which begins:"
the terrorist attacks have left at least 38 people dead and roughly 700 others injured.,the attacks have left at least 38 people dead and roughly 700 others injured.
"nc-17 - no one 17 and under is admitted - these films contain excessive graphic violence, sex, aberrational behavior, drug abuse, strong language, or any other elements which, when present, most parents would consider too strong and therefore off-limits for viewing by their children and teens.","nc-17 - no one 17 and under is admitted - these films contain a lot of graphic violence, sex, aberrational behavior, drug abuse, strong language, or any other elements which, when present, most parents would consider too strong and therefore off-limits for viewing by their children and teens."
"many buildings at american universities have flat roofs, whereas pitched roofs designed to shed snow or heavy rain present serious safety challenges for roof hackers.","many buildings at american universities have flat roofs, whereas pitched roofs designed to shed snow or heavy rain present safety challenges for roof hackers."
"under his tutelage , china experienced substantial economic growth with reforms and improved its relations with the outside world while the communist party maintained its tight control over the government.","under his leadership, china experienced substantial economic growth with reforms and improved its relations with the outside world while the communist party maintained its tight control over the government."
"additionally, warm chinook winds occur as air passing over the mountains heats as it descends, in addition to the sunshine, quickly melting snow accumulations and making boulder's winters very mild.","additionally, warm chinook winds occur as air passing over the mountains heats as it descends, in addition to the sunshine, quickly melting snow accumulations and making boulder's winters relatively mild."
"both of their full-length lps were produced by mick jones, of the legendary british punk band the clash.","both of their full-length lps were produced by mick jones, of the british punk band the clash."
"haut also revealed that there had been two major crash sites that he had become aware of the day before, the first a large debris field about 75 miles northwest of roswell, and the second, about 40 miles north of town, where the main craft and bodies were found.","haut also stated that there had been two major crash sites that he had become aware of the day before, the first a large debris field about 75 miles northwest of roswell, and the second, about 40 miles north of town, where the main craft and bodies were found."
"in the late 20th century, the town began actively courting tourism, emphasizing its history (the battle of carthage, victorian architecture, and route 66), as well as its proximity to the precious moments hotel and store, along with the infamous country music destination branson, missouri.","in the late 20th century, the town began actively courting tourism, emphasizing its history (the battle of carthage, victorian architecture, and route 66), as well as its proximity to the precious moments hotel and store, along with the popular country music destination branson, missouri."
"the term ""deposit of faith"" refers to the entirety of jesus christ's divine revelation, and is passed forward to successive generations in two different forms, sacred scripture (the bible) and sacred tradition (apostolic succession).","the term ""deposit of faith"" refers to the entirety of jesus christ's revelation, and is passed forward to successive generations in two different forms, sacred scripture (the bible) and sacred tradition (apostolic succession)."
"the magazine heroplay examined byrnes alleged treatment of women in his comics, and concluded, as dynamic as his art can be, and as ambitious as his storylines are, he just seems to have an axe to grind with the female of the species, and that he made women either bitchy, flighty, or evil.","the magazine heroplay examined byrnes treatment of women in his comics, and concluded, as dynamic as his art can be, and as ambitious as his storylines are, he just seems to have an axe to grind with the female of the species, and that he made women either bitchy, flighty, or evil."
"the location, also a ""riverboat,"" was hampered by onerous missouri gaming regulations among them a limit of $500 in losses per patron during two-hour ""cruise"" (the vessel was never designed to actually cruise).","the location, also a ""riverboat,"" was hampered by missouri gaming regulations among them a limit of $500 in losses per patron during two-hour ""cruise"" (the vessel was never designed to actually cruise)."
"other terms often reflect a more explicitly realistic view of events, such as ""war of northern aggression"", used by some southerners, or the ""freedom war"", used by their black counterparts to celebrate the effect the war had on ending slavery.","other terms often reflect a more explicitly partisan view of events, such as ""war of northern aggression"", used by some southerners, or the ""freedom war"", used by their black counterparts to celebrate the effect the war had on ending slavery."
image:stonearchtruss.jpg|in 1963 the bridge was disfigured to allow clearance for the upper lock,image:stonearchtruss.jpg|in 1963 the bridge was modified to allow clearance for the upper lock
"labor election advertising tried to capitalise on the unpopularity of australia's liberal prime minister and unpopular federal liberal policies, while much of the coalition advertising depicted andrews as a leader with close ties to the militant construction, forestry, mining and energy union.","labor election advertising tried to capitalise on the unpopularity of australia's liberal prime minister and unpopular federal liberal policies, while much of the coalition advertising depicted andrews as a leader with close ties to the construction, forestry, mining and energy union."
this facebook post was later published by some media outlets as a form of an apology for the unverified publication .,this facebook post was later published by some media outlets as a form of an apology for the unverified publications based on tabloid journalism .
this protest is related to a video of ahok's speech in kepulauan seribu that was heavily edited and went viral among hardliners.,this protest is related to a video of ahok's speech in kepulauan seribu that was considered has been edited and went viral among hardliners.
"the us food and drug administration (fda) maintains that the herb cannabis is associated with numerous harmful health effects, and that significant aspects such as content, production, and supply are unregulated.","the us food and drug administration (fda) states that the herb cannabis is associated with numerous harmful health effects, and that significant aspects such as content, production, and supply are unregulated."
a cadbury creme egg is a delicious brand of chocolate egg produced by cadbury schweppes.,a cadbury creme egg is a brand of chocolate egg produced by cadbury schweppes.
mary isobel 'mollie' sugden (21 july 1922 – 1 july 2009) was an english comedy actress best known for portraying the saleswoman mrs. slocombe in the popular british sitcom are you being served?,mary isobel 'mollie' sugden (21 july 1922 – 1 july 2009) was an english comedy actress best known for portraying the saleswoman mrs. slocombe in the british sitcom are you being served?
"scholars perceived that it was discordant with the early buddhist understandings of karma, and noticed in the kathvatthu text that the idea is partly refuted by theravdins.","scholars argued that it was discordant with the early buddhist understandings of karma, and noticed in the kathvatthu text that the idea is partly refuted by theravdins."
"it was in mecca, in the nearby mountain cave of hira, that he began receiving divine revelations from god through the angel gabriel in 610 ad, and began to preach monotheism against meccan animism.","it was in mecca, in the nearby mountain cave of hira, that he is said to have begun receiving divine revelations from god through the angel gabriel in 610 ad, and began to preach monotheism against meccan animism."
"however, he only has authority over the metropolitan police, as chief constables have with other forces.","however, his position only has authority over the metropolitan police, as chief constables have with other forces."
"the fumarase deficiency gene has become very common in this community, due to the practice of inbreeding .","the fumarase deficiency gene has become very common in this community, due to the practice of endogamy ."
critics of sina have argued that he:,critics of sina have alleged that he:
"aston performed in school productions and after leaving school in 2004 was cast in a new itv programme, fun song factory.","merrygold performed in school productions and after leaving school in 2004 was cast in a new itv programme, fun song factory."
"since the langners stepped down in 1959, the administration has included james b. mckenzie from 1959 to 2000 and actress joanne woodward, paul newman's wife, who took over as artistic director in 2000. newman remained a part-owner of a restaurant next to the theatre until his passing in 2008.","since the langners stepped down in 1959, the administration has included james b. mckenzie from 1959 to 2000 and actress joanne woodward, paul newman's wife, who took over as artistic director in 2000. newman remained a part-owner of a restaurant next to the theatre until his death in 2008."
"typical constructions such as that in the foreground were very poor , made of mud and straw","typical constructions such as that in the foreground were very basic , made of mud and straw"
"great personal rapport developed between smith and his portuguese counterpart, dictator antnio de oliveira salazar.","great personal rapport developed between smith and his portuguese counterpart, antnio de oliveira salazar."
"official website for milton keynes and north bucks, in association with milton keynes council","information website for milton keynes and north bucks, in association with milton keynes council"
"the manufacture of such compounds has been phased out under the montreal protocol, and they are being replaced with other pollutants such as hfcs (e.g., r-410a), hydrocarbons, and co2, because cfcs contribute to ozone depletion in the upper atmosphere.","the manufacture of such compounds has been phased out under the montreal protocol, and they are being replaced with other products such as hfcs (e.g., r-410a), hydrocarbons, and co2, because cfcs contribute to ozone depletion in the upper atmosphere."
"natalie evans (ne price), is a fictional character from the popular bbc soap opera eastenders, played by lucy speed.","natalie evans (ne price), is a fictional character from the bbc soap opera eastenders, played by lucy speed."
"there is breath-taking cliff scenery, with a view of the blasket islands, where peig sayers lived.","there is dramatic cliff scenery, with a view of the blasket islands, where peig sayers lived."
"uganda's idi amin was one of several who made themselves president for life, and even later adopted an additional loony monarchic title.","uganda's idi amin was one of several who made themselves president for life, and even later adopted an additional monarchic title."
arguably the most famous meeting in the rivalry is the 1972 victory by auburn over the #2-ranked and heavily favored alabama team.,arguably the most famous auburn victory in the rivalry is the 1972 victory by auburn over the #2-ranked and heavily favored alabama team.
"hosei university (法政大学 hōsei daigaku) is a famous private university based in tokyo, japan, and one of the ""tokyo 6 universities"".","hosei university (法政大学 hōsei daigaku) is a private university based in tokyo, japan, and one of the ""tokyo 6 universities""."
"jesus is said to be linked to zeus, and ""christ"" to the indian idol krishna.","jesus is said to be linked to zeus, and ""christ"" to the indian deity krishna."
"the reagan administration provides support to the rebel contras , a group implicated in serious human rights violations including rape, murder, torture, and severing the limbs of live humans.","the reagan administration , as part of the cold war and perceiving the sandinistas as communist, provided support to the rebel contras, a group implicated in serious human rights violations including rape, murder, torture, and severing the limbs of live humans."
"victoria wood as seen on tv was a british comedy sketch series starring comedienne victoria wood, with julie walters, celia imrie, duncan preston, susie blake and patricia routledge.","victoria wood as seen on tv was a british comedy sketch series starring comedian victoria wood, with julie walters, celia imrie, duncan preston, susie blake and patricia routledge."
lumber exports stopped by 1930. farming has suffered a slow but steady decline since 1930 or so.,lumber exports stopped by 1930. farming has experienced a slow but steady decline since 1930 or so.
"traction, published by benbella books in 2012, outlines a proven and successful plan to increase businesses' efficiency and profits, with the previously self-published version of the book selling 19,000 in just a few years' time.","traction, published by benbella books in 2012, purports to outline a proven and successful plan to increase businesses' efficiency and profits, with the previously self-published version of the book selling 19,000 in just a few years' time."
"doug gets a phone call one day informing him of his father's passing , and that someone would need to pick up the cremated remains.","doug gets a phone call one day informing him of his father's death , and that someone would need to pick up the cremated remains."
"and rice merchant) and jing dng ( 1866-1916; a former district head from the nanhua area who became an outlaw after being implicated in a murder case), led an armed force of han chinese and taiwanese aborigines that quickly overwhelmed numerous police stations in the mountains of southern taiwan (modern tainan and kaohsiung).","and rice merchant) and jing dng ( 1866-1916; a former district head from the nanhua area who became an outlaw after being implicated in a murder case), led an armed force of han and taiwanese aborigines that quickly overwhelmed numerous police stations in the mountains of southern taiwan (modern tainan and kaohsiung)."
"unfortunatly , libby realised and told luke they could only ever be friends and refused to speak to him.","however , libby realised and told luke they could only ever be friends and refused to speak to him."
"winters are often very cold, windy and snowy with average high temperatures -5 to -8c (18 - 23f) and lows -13 to -18c (0 - 8f).","winters are often cold, windy and snowy with average high temperatures -5 to -8c (18 - 23f) and lows -13 to -18c (0 - 8f)."
"the iron lady is a celebrated nickname of margaret thatcher (1925–2013), who was prime minister of the united kingdom.","the iron lady is a famous nickname of margaret thatcher (1925–2013), who was prime minister of the united kingdom."
some media outlets and fighters speculated that vanzant only received the deal due to her physical attractiveness.,some media outlets and fighters speculated that vanzant only received the deal due to physical attractiveness.
"the american codename was in reference to joseph stalin, the soviet dictator .","the american codename was in reference to joseph stalin, the soviet leader ."
"the stations of the cross (2004), a series of twelve photographs depicting the final moments of jesus christ, made in collaboration with the lauded photographer david bailey.","the stations of the cross (2004), a series of twelve photographs depicting the final moments of jesus christ, made in collaboration with the photographer david bailey."
"one or more individuals identifying themselves as zarqawi took responsibility, on several audiotapes, for numerous acts in iraq, including the killing of many innocent civilians and soldiers.","one or more individuals identifying themselves as zarqawi took responsibility, on several audiotapes, for numerous acts in iraq, including the killing of many civilians and soldiers."
"on his father's passing in 1952, he inherited his title, becoming the 3rd viscount astor.","on his father's death in 1952, he inherited his title, becoming the 3rd viscount astor."
"gun show loophole is a pejorative term-of-art that refers to private sellers at gun shows not being required to perform a background check on private buyers, in a longstanding practice of private commerce in the united states.","gun show loophole is a term-of-art that refers to private sellers at gun shows not being required to perform a background check on private buyers, in a longstanding practice of private commerce in the united states."
c++ builder is a popular rapid application development (rad) environment produced by the codegear subsidiary of borland for writing programs in the c++ programming language.,c++ builder is a rapid application development (rad) environment produced by the codegear subsidiary of borland for writing programs in the c++ programming language.
the focus of the lawsuits in recent years has shifted to challenging the bsa's relationship with governments in light of their exclusionary policies.,the focus of the lawsuits in recent years has shifted to challenging the bsa's relationship with governments in light of their policies.
"the first was the morning show, hosted by sports anchor tom york; airing for 32 years from 1957 to 1989, it was a more general-interest interview and features program that was formatted basically a local version of today; wbrc anchor joe langston (who also hosted the children's programs birthday party and junior auction for the station in the late 1960s) and comedienne fannie flagg joined as york's co-hosts in the early 1960s (flagg would leave for los angeles in 1964 to become a writer for candid camera).","the first was the morning show, hosted by sports anchor tom york; airing for 32 years from 1957 to 1989, it was a more general-interest interview and features program that was formatted basically a local version of today; wbrc anchor joe langston (who also hosted the children's programs birthday party and junior auction for the station in the late 1960s) and comedian fannie flagg joined as york's co-hosts in the early 1960s (flagg would leave for los angeles in 1964 to become a writer for candid camera)."
communiqu has spent only 30 weeks in the uk albums chart.,communiqu has spent 30 weeks in the uk albums chart.
"however, while working as an agent for promoter fred kohler in the 1960s, pfefer was largely blamed for ruining the chicago territory when he booked a number of ridiculous sound-alike performers like bummy rogers, hobo brazil, and ""bruno sanmartino"", thus repelling most of the industrys top-flight talent.","however, while working as an agent for promoter fred kohler in the 1960s, pfefer was largely blamed for ruining the chicago territory when he booked a number of sound-alike performers like bummy rogers, hobo brazil, and ""bruno sanmartino"", thus repelling most of the industrys top-flight talent."
wayne cooper is a fabulous british fashion designer based in australia.,wayne cooper is a british fashion designer based in australia.
several of his opinion/humor articles have been published in popular newspapers; most notably a political piece in the sun sentinel and hartford courant,several of his opinion/humor articles have been published in various newspapers; most notably a political piece in the sun sentinel and hartford courant
"st. peter's college (or simply 'saints' as it is known by the school community) is a prestigious anglican school on 32 hectares 3 km from the adelaide cbd on hackney road, st. peters, south australia.","st. peter's college (or simply 'saints' as it is known by the school community) is a anglican school on 32 hectares 3 km from the adelaide cbd on hackney road, st. peters, south australia."
"some of the people in this category include the cordilleranos (igorots), who live in the highlands of luzon, the mangyans of mindoro, the lumads of mindanao (including manobos, tasadays, mamanwas, mandayas, and kalagans), and the primitive tribes of palawan.","some of the people in this category include the cordilleranos (igorots), who live in the highlands of luzon, the mangyans of mindoro, the lumads of mindanao (including manobos, tasadays, mamanwas, mandayas, and kalagans), and the tribes of palawan."
"on march 3, 2008, montag's stepbrother eric o'hara was killed in a freak accident after a fall from an icy roof.","on march 3, 2008, montag's stepbrother eric o'hara was killed in a accident after a fall from an icy roof."
lonnie latham former minister,lonnie latham disgraced minister
"arnhem has a major railway station, which is serviced by several intercity lines and the ice to dsseldorf and further on to frankfurt.","arnhem has a railway station, which is serviced by several intercity lines and the ice to dsseldorf and further on to frankfurt."
"after branching out in japan with mediocre success, the group came back with two new members in 2008 with the hit song ""one more time"".","after branching out in japan with only limited success, the group came back with two new members in 2008 with the hit song ""one more time""."
"on his passing , the property went to his daughter, the then mrs. david castleman who eventually built a mansion on the horse farm site and gave it the family name.","on his death , the property went to his daughter, the then mrs. david castleman who eventually built a mansion on the horse farm site and gave it the family name."
it was this insult by their own comrades which provoked the mutiny .,it was this insult by their own comrades which provoked the rebellion .
"before an official investigation was finished, the votes were accidentally burned.","before an official investigation was finished, the votes were burned."
"december 30  tracey ullman, comedienne and singer","december 30  tracey ullman, comedian and singer"
"he earned a doctorate in law at heidelberg in 1906, and became a successful financial lawyer.","he earned a doctorate in law at heidelberg in 1906, and became a financial lawyer ."
"it also takes in animals, including strays and those given to peta by their owners, finding homes for some and killing the rest.","it also takes in animals, including strays and those given to peta by their owners, finding homes for some and euthanizing the rest."
"overall, the als was amazingly successful in ensuring smooth traffic flow in the central business district.","overall, the als was successful in ensuring smooth traffic flow in the central business district."
"however, health and political controversies have limited stevia's availability in many countries; for example, the united states banned it in the early 1990s unless labeled as a supplement.","however, health and political controversies have limited stevia's availability in many countries; for example, the united states only permitted it in the early 1990s unless labeled as a supplement."
the hadith of ghadir khumm refers to the prophetic saying (i.e.,the hadith of ghadir khumm refers to the saying (i.e.
"tyra lynne banks (born december 4, 1973) is an american supermodel , talk show host, actress, singer and businessperson.","tyra lynne banks (born december 4, 1973) is an american model , talk show host, actress, singer and businessperson."
"reviews of the video game were generally mixed -to-positive , with metacritic ranging from 64% for the playstation 2 version, based on 29 reviews, to 73% for the xbox version, based on 28 reviews.","reviews of the video game were generally mixed, with metacritic ranging from 64% for the playstation 2 version, based on 29 reviews, to 73% for the xbox version, based on 28 reviews."
"the production version of the third generation of a-class vehicles was based on the 2011 concept a-class, and was unveiled at the 2012 geneva motor show, it is larger than previous two generations of the a-class, with a total length of , making it part of the superior small family car segment for the first time.","the production version of the third generation of a-class vehicles was based on the 2011 concept a-class, and was unveiled at the 2012 geneva motor show, it is larger than previous two generations of the a-class, with a total length of , making it part of the small family car segment for the first time."
williams checked himself out of the rehab facility after only 12 days.,williams checked himself out of the rehab facility after 12 days.
the indian spiritual master meher baba called him a tantric.,the indian spiritual teacher meher baba called him a tantric.
"silver dollar city, celebration city, mickey gilley, dixie stampede, white water branson, showboat branson belle, branson's american star, stone hill winery, ride the ducks, the tracks, and splash country are favorites .","silver dollar city, celebration city, mickey gilley, dixie stampede, white water branson, showboat branson belle, branson's american star, stone hill winery, ride the ducks, the tracks, and splash country are enjoyed by many ."
black has agreed a move to rangers in principle but the deal will collapse if rangers are not parachuted into the scottish first division.,black has agreed a move to rangers in principle but the deal will collapse if rangers are not admitted into the scottish first division.
the film is a powerful polemic on the united state's military-industrial complex while concentrating on wars led by the united states of the last fifty years and in particular on the 2003 invasion of iraq.,the film is a polemic on the united state's military-industrial complex while concentrating on wars led by the united states of the last fifty years and in particular on the 2003 invasion of iraq.
famous television shows filmed or taped at hollywood center studios,list of television shows filmed or taped at hollywood center studios
"bette midler, singer, actress, comedienne","bette midler, singer, actress, comedian"
"the sequels feature more explicit violence and gore, and are generally dismissed by serious film critics.","the sequels feature more explicit violence and gore, and are generally dismissed by mainstream film critics."
"at the age of 16, he joined the far-right 4th of august party of konstantinos plevris.","at the age of 16, he joined the nationalist 4th of august party of konstantinos plevris."
"recaptured the world records for both donkey kong (1,062,800 points) and donkey kong jr. (1,270,900) on the weekend of july 24, 2010. these records was quickly lost to steve wiebe on september 20, 2010 (1,064,500 points) and mark l kiehl on september 9, 2010 (1,307,500 points) for donkey kong and donkey kong jr. respectively.","recaptured the world records for both donkey kong (1,062,800 points) and donkey kong jr. (1,270,900) on the weekend of july 24, 2010. these records was lost to steve wiebe on september 20, 2010 (1,064,500 points) and mark l kiehl on september 9, 2010 (1,307,500 points) for donkey kong and donkey kong jr. respectively."
"another man confessed that he was ""guilty of whatever's there"" (the transcript) and admitted that he should receive the death penalty.","another man confessed that he was ""guilty of whatever's there"" (the transcript) and said that he should receive the death penalty."
"vocalist and comedienne angelia lais departed from the act following the dregs holiday special performance in december 2009. interested in expanding instrumentation, soprano and violinist molly zupon was recruited in early 2010. frost simula left the band at the end of 2011 at which time geoffrey m. brown, who had been participating with the dregs throughout 2011, joined the group as a permanent member.","vocalist and comedian angelia lais departed from the act following the dregs holiday special performance in december 2009. interested in expanding instrumentation, soprano and violinist molly zupon was recruited in early 2010. frost simula left the band at the end of 2011 at which time geoffrey m. brown, who had been participating with the dregs throughout 2011, joined the group as a permanent member."
"during the operation, three of the highest-level plo leaders, surprised at home, were killed, along with other plo militants (reports of actual number killed range up to 100).","during the operation, three of the highest-level plo leaders, surprised at home, were killed, along with other plo members (reports of actual number killed range up to 100)."
"on hearing about it, the stalinists immediately accused trotsky of being in the pay of the oil magnates and the federal bureau of investigation.","on hearing about it, the cpsu immediately accused trotsky of being in the pay of the oil magnates and the federal bureau of investigation."
the series features an ensemble cast headed by comedienne julie brown.,the series features an ensemble cast headed by comedian julie brown.
"she was considered too young for the role, but was recommended for a part in the cosby show and was eventually cast as olivia in february 1989. the character was the precocious three-year-old stepdaughter of denise huxtable (lisa bonet), the main character's daughter.","she was considered too young for the role, but was recommended for a part in the cosby show and was eventually cast as olivia in february 1989. the character was the three-year-old stepdaughter of denise huxtable (lisa bonet), the main character's daughter."
"spout, a popular client/server modification plugin for craftbukkit, a community created multiplayer server for indie game minecraft.","spout, a client/server modification plugin for craftbukkit, a community created multiplayer server for indie game minecraft."
"barack obama religion conspiracy theoriesallegations that he secretly follows a non-christian religion, or that he is the antichristhave been suggested ever since barack obama began his campaign to become president of the united states in 2007. as with the barack obama citizenship conspiracy theories, these false claims are promoted by various fringe theorists and political opponents.","barack obama religion conspiracy theoriesallegations that he secretly follows a non-christian religion, or that he is the antichristhave been suggested ever since barack obama began his campaign to become president of the united states in 2007. as with the barack obama citizenship conspiracy theories, these claims are promoted by various fringe theorists and political opponents."
"lack of awareness of and about devops integration has profound results in product delays, quality testing, feature development and maintenance releases (including the once special but now ubiquitous ""hot fix"" ).","lack of awareness of and about devops integration can have profound results in product delays, quality testing, feature development and maintenance releases (including the once special but now ubiquitous ""hot fix"" )."
"mauricio macri (; born 8 february 1959) is an argentine businessman turned politician, and head of government of the autonomous city of buenos aires.","mauricio macri (; born 8 february 1959) is an argentine businessman and politician, and head of government of the autonomous city of buenos aires."
his killing is depicted in the 2011 film 5 broken cameras.,his death is depicted in the 2011 film 5 broken cameras.
"foxton is a pretty village in leicestershire, england, to the north-west of market harborough.","foxton is a village in leicestershire, england, to the north-west of market harborough."
"the song's lyrics are a reply to revolutionary che guevara's farewell letter when he left cuba, in order to foster revolution in the congo and later bolivia, where he would be captured and murdered .","the song's lyrics are a reply to revolutionary che guevara's farewell letter when he left cuba, in order to foster revolution in the congo and later bolivia, where he would be captured and executed ."
"wilson pickett (march 18, 1941 january 19, 2006) was an american r&b and soul singer extraordinaire .","wilson pickett (march 18, 1941 january 19, 2006) was an american r&b and soul singer."
this area shows many signs of cornwall's rich mining history with abandoned engine houses such as wheal prosper close to the path.,this area shows many signs of cornwall's mining history with abandoned engine houses such as wheal prosper close to the path.
"one of the earliest documented forms of celebrity related twitter-like disclosures dates from 1980, when real estate mogul william desmond ryan made round the clock press releases about his relationship with comedienne phyllis diller, even revealing what she was making him for dinner on a nightly basis.","one of the earliest documented forms of celebrity related twitter-like disclosures dates from 1980, when real estate mogul william desmond ryan made round the clock press releases about his relationship with comedian phyllis diller, even revealing what she was making him for dinner on a nightly basis."
killing of reeva steenkamp,death of reeva steenkamp
"he crossed over into the horror genre with ""from dusk till dawn"" and re-wrote ""the invasion of the body snatchers"" with his awesome teenager horror sci-fi flick ""the faculty"".","he crossed over into the horror genre with ""from dusk till dawn"" and re-wrote ""the invasion of the body snatchers"" with his teenager horror sci-fi flick ""the faculty""."
"arsenal then participated in the north london derby, hosting tottenham hotspur in league action on november 6. arsenal gained the lead just prior to the halftime break, with kevin wimmer glancing zil's free-kick past hugo lloris, before spurs responded with a harry kane spot-kick following a tangle between laurent koscielny and mousa dembele .","arsenal then participated in the north london derby, hosting tottenham hotspur in league action on november 6. arsenal gained the lead just prior to the halftime break, with kevin wimmer glancing zil's free-kick past hugo lloris, before spurs responded with a harry kane spot-kick following a tangle between laurent koscielny and mousa dembl ."
"adherents of the non-mainstream austrian school claim that fractional-reserve banking, by expanding the money supply, will lower the interest rates compared to a hypothetical full-reserve banking system, although this idea has been criticized within mainstream economics.","adherents of the austrian school claim that fractional-reserve banking, by expanding the money supply, will lower the interest rates compared to a hypothetical full-reserve banking system, although this idea has been criticized within mainstream economics."
"this ecotopia, like callenbach's, is characterized culturally by its environmental sensibilities and focus on 'quality of life', and economically by its focus on renewable resources such as hydropower and forestry.","this ecotopia, like callenbach's, is characterized culturally by its environmental sensibilities and focus on 'quality of life', and economically by its focus on resources such as hydropower and forestry."
"it was the most significant act of terrorism on american soil until the september 11 attacks in 2001, claiming the lives of 168 victims and injuring more than 680. the blast destroyed or damaged 324 buildings within a sixteen-block radius, destroyed or burned 86 cars, and shattered glass in 258 nearby buildings.","it was the most destructive act of terrorism on american soil until the september 11 attacks in 2001, claiming the lives of 168 victims and injuring more than 680. the blast destroyed or damaged 324 buildings within a sixteen-block radius, destroyed or burned 86 cars, and shattered glass in 258 nearby buildings."
"the culture of taiwan is a hybrid blend of confucianist han chinese cultures , japanese, european, american, global, local and taiwanese aborigines cultures, which are often perceived in both traditional and modern understandings .","the culture of taiwan is a hybrid blend of confucianist han chinese, japanese, european, american, global, local and taiwanese aborigines cultures, which are often perceived in both traditional and modern understandings ."
"for his part, limbaugh claims to pay an independent organization to screen every opinion for accuracy, which he occasionally reports to the audience.","for his part, limbaugh claims to pay an independent organization to screen every opinion for accuracy, which he reports to the audience."
"it depicts a partially-draped woman , raising her light peplos to uncover her beautiful hips and buttocks, and looking back and down over her shoulder, perhaps to evaluate them.","it depicts a partially-draped woman , raising her light peplos to uncover her hips and buttocks, and looking back and down over her shoulder, perhaps to evaluate them."
areas with very high elevation in the upper himalayas near the tibetan border enjoy an alpine or tundra climate.,areas with very high elevation in the upper himalayas near the tibetan border experience an alpine or tundra climate.
"along with the joker, penguin was one of the villains from the memorable the new scooby-doo movies episodes, ""the dynamic scooby-doo affair"" and ""the caped crusader caper"" that were later combined on the ""scooby-doo meets batman and robin"" dvd.","along with the joker, penguin was one of the villains from the the new scooby-doo movies episodes, ""the dynamic scooby-doo affair"" and ""the caped crusader caper"" that were later combined on the ""scooby-doo meets batman and robin"" dvd."
"at the algiers motel, approximately one mile east of where the riots began, three teenage civilians, all of them black, were tortured and murdered by police, and nine others, two white females and seven black males, were badly beaten and humiliated by members of a riot task force composed of the detroit police department, the michigan state police, and the michigan army national guard, and a private security guard.","at the algiers motel, approximately one mile east of where the riots began, three teenage civilians, all of them black, were tortured and killed by police, and nine others, two white females and seven black males, were badly beaten and humiliated by members of a riot task force composed of the detroit police department, the michigan state police, and the michigan army national guard, and a private security guard."
the hero of this fascinating story is pasquale rotondi.,the hero of this story is pasquale rotondi.
"he is best known for his starring role as mohandas gandhi in the 1982 film gandhi, for which he won the academy award for best actor.","he is known for his starring role as mohandas gandhi in the 1982 film gandhi, for which he won the academy award for best actor."
"he cosponsored 157 bills, only 5 of which were enacted into law.","he cosponsored 157 bills, 5 of which were enacted into law."
"michael peter fay (born may 30, 1975), better known simply as michael fay, is a united states citizen who was the subject of international attention in 1994 when he was sentenced to six strokes of the cane in singapore for theft and vandalism at age 18. although caning is a routine court sentence in singapore, its barbarity caused controversy in the united states, and fay's case was believed to be the first caning involving an american citizen.","michael peter fay (born may 30, 1975), better known simply as michael fay, is a united states citizen who was the subject of international attention in 1994 when he was sentenced to six strokes of the cane in singapore for theft and vandalism at age 18. although caning is a routine court sentence in singapore, its use caused controversy in the united states, and fay's case was believed to be the first caning involving an american citizen."
"barton appeared in just five games for the dons as they went down in bottom place with a massive 33 defeats (one of the worst football league records ever) and on 17 september 2004 he finally departed from the club, who for the 200405 had been rebranded as milton keynes dons to reflect their new location.","barton appeared in just five games for the dons as they went down in bottom place with a massive 33 defeats (one of the worst football league records ever) and on 17 september 2004 he finally departed from the club, who for the 200405 had been re-formed as milton keynes dons to reflect their new location."
"the main campus is on the charles river in boston's fenway-kenmore neighborhood, where it is conveniently bisected by the massachusetts turnpike.","the main campus is on the charles river in boston's fenway-kenmore neighborhood, where it is bisected by the massachusetts turnpike."
"devon aoki (born 1982), supermodel and actress","devon aoki (born 1982), model and actress"
a story within a story is a literary device in which one character within a narrative himself narrates.,a story within a story is a literary device in which one character within a narrative narrates.
the original soundtrack is by maestro ennio morricone; the main theme is saharan dream performed by amii stewart.,the original soundtrack is by ennio morricone; the main theme is saharan dream performed by amii stewart.
"julian assange, the founder of controversial website wikileaks, appeared in the episode.","julian assange, the founder of website wikileaks, appeared in the episode."
"this was based on standard un peacekeeping agreements such as that in force in bosnia, but would have given broader rights of access than were really needed, and onto the entire territory of yugoslavia, not just the province.","this was based on standard un peacekeeping agreements such as that in force in bosnia, but would have given broader rights of access than were really needed, and onto the entire territory of yugoslavia, not just kosovo province."
"even though they have experienced numerous line-up changes and personal problems, the band has harmoniously fused various elements of alternative rock, punk, funk, heavy metal and psychedelic rock.","even though they have experienced numerous line-up changes and personal problems, the band has successfully fused various elements of alternative rock, punk, funk, heavy metal and psychedelic rock."
"solnit has been credited with paving the way for the coining of the sexist word ""mansplaining,"" which has been used to refer to instances in which men explain things (generally toward women) in a condescending and/or patronizing way, but solnit did not use it in the original essay.","solnit has been credited with paving the way for the coining of the word ""mansplaining,"" which has been used to refer to instances in which men explain things (generally toward women) in a condescending and/or patronizing way, but solnit did not use it in the original essay."
"it features a realistic art style similar to but more advanced than that found in ocarina of time, rather than the cartoon look of the legend of zelda: the wind waker, although it will still make use of the cel-shading lighting effects and a heavily modified version of the wind waker's engine.","it features a realistic art style similar to but more advanced than that found in ocarina of time, rather than the cartoon look of the legend of zelda: the wind waker, although it will still make use of the cel-shading lighting effects and a modified version of the wind waker's engine."
the big rizz also recorded a great version in the summer of 92–93.,the big rizz also recorded a version in the summer of 92–93.
"the rational response squad, also known by the abbreviation rrs, is a group of atheists who have taken on the mission of irreverently confronting what they call irrationalism.","the rational response squad, also known by the abbreviation rrs, is a group of atheists who have taken on the mission of confronting what they call irrationalism."
"he alleges that the ""...central theme of pornography is power..., implicitly violent...eroticized hatred.""","he suggests that the ""...central theme of pornography is power..., implicitly violent...eroticized hatred."""
"modern maps rarely mention negro fort; the site until 2016 was called fort gadsden historic site, but fort gadsden had a less dramatic history.","contemporary maps rarely mention negro fort; the site until 2016 was called fort gadsden historic site, but fort gadsden had a less dramatic history."
"in the middle of act two, melchior rapes wendla in a hayloft.","in the middle of act two, melchior has sex with wendla in a hayloft."
"general jacques massu, who had noted aussaresses' repressive work against the insurrections in philippeville, ordered aussaresses to work under him in algiers as an agent to control the fln in algiers.","general jacques massu, who had noted aussaresses' work against the insurrections in philippeville, ordered aussaresses to work under him in algiers as an agent to control the fln in algiers."
the mennekes connector however is a 7-pin (with 5 pins from three-phase iec 60309 plugs plus 2 signal pins from iec 62196) allowing them to be plugged into the 400 v three-phase grid which is widely available in central europe (230 v single-phase is the lower split-phase of 400 v three-phase electricity distribution lines).,the mennekes connector however is a 7-pin (with 5 pins from three-phase iec 60309 plugs plus 2 signal pins from iec 62196) allowing them to be plugged into the 400 v three-phase grid which is widely available in central europe (230 v single-phase is the lower line to neutral voltage of 400 v three-phase electricity distribution lines).
"in 1863 governor pendleton murrah of texas insisted that his state needed texas troops for self-defense (against indians or against a threatened union invasion ), and refused to send them east.","in 1863 governor pendleton murrah of texas insisted that his state needed texas troops for self-defense (against indians or against a threatened union advance ), and refused to send them east."
"he has released 2 cds with his recording project undark, one of them on the renowned british ambient label em:t records.","he has released 2 cds with his recording project undark, one of them on the british ambient label em:t records."
ganton cricket team plays at the ground overlooking the a64 next to the thriving village hall.,ganton cricket team plays at the ground overlooking the a64 next to the village hall.
"varoujan garabedian (also as varadjian garbidjian, born 1954), syrian-armenian terrorist","varoujan garabedian (also as varadjian garbidjian, born 1954), syrian-armenian militant"
she admits that being nude in the movie made her feel much more comfortable with her body.,she says that being nude in the movie made her feel much more comfortable with her body.
"nina conti, actor, impressionist and comedienne","nina conti, actor, impressionist and comedian"
1977-2000: traditional marriage,1977-2000: opposite-sex marriage
"de lorean himself retired in new jersey, and the dream with which he had mesmerised britain's labour government, of industry rising out of the ashes of ulster 's sectarian conflict, was shattered.","de lorean himself retired in new jersey, and the dream with which he had mesmerised britain's labour government, of industry rising out of the ashes of northern ireland 's sectarian conflict, was shattered."
"des lynam lived there with his mistress , harriet hopkins, from 2005 until 2006.","des lynam lived there with his partner , harriet hopkins, from 2005 until 2006."
"in particular, he has cited the swp's promotion of jewish anti-zionist activist and jazz musician gilad atzmon, whose statements relating to the protocols of the elders of zion and the holocaust have been condemned as anti-semitic.","in particular, he has cited the swp's promotion of anti-zionist activist and jazz musician gilad atzmon, whose statements relating to the protocols of the elders of zion and the holocaust have been condemned as anti-semitic."
"sukarno on the other hand wanted to use the japanese to free indonesia: ""the lord be praised, god showed me the way; in that valley of the ngarai i said: yes, independent indonesia can only be achieved with dai nippon...for the first time in all my life, i saw myself in the mirror of asia.""","sukarno on the other hand wanted to use the japanese to gain independence for indonesia: ""the lord be praised, god showed me the way; in that valley of the ngarai i said: yes, independent indonesia can only be achieved with dai nippon...for the first time in all my life, i saw myself in the mirror of asia."""
"12 february - pat finucane, solicitor murdered by loyalist paramilitaries (b.1949).","12 february - pat finucane, solicitor killed by loyalist paramilitaries (b.1949)."
the california university of business and technology is an educational institution of higher learning located in the state of california in the united states approved by the california bureau for private postsecondary education.,the california university of business and technology is an unaccredited institution of higher learning located in the state of california in the united states approved by the california bureau for private postsecondary education.
this incident has been considered the spark for the virulent brutality that anderson would henceforth demonstrate against union soldiers and civilians.,this incident has been suggested as the spark for the virulent brutality that anderson would henceforth demonstrate against union soldiers and civilians.
"he received a saturn award nomination for best supporting actor for a nightmare on elm street 3: dream warriors in 1987 and a nightmare on elm street 4: the dream master in 1988. despite his reputation for appearing in exploitative horror films, englund is a classically trained actor.","he received a saturn award nomination for best supporting actor for a nightmare on elm street 3: dream warriors in 1987 and a nightmare on elm street 4: the dream master in 1988. despite his reputation for appearing in horror films, englund is a classically trained actor."
"it is believed that sharm el-sheikh is the location to which hosni mubarak arrived from cairo upon resigning the office of the egyptian presidency on february 11, 2011.","it is reported that sharm el-sheikh is the location to which hosni mubarak arrived from cairo upon resigning the office of the egyptian presidency on february 11, 2011."
"due to political reasons and pressures from the people's republic of china, the republic of china, taiwan's national government, has been competing as chinese taipei in international sporting events such as the olympic games.","due to political reasons and pressures from the people's republic of china, the republic of china, taiwan's government, has been competing as chinese taipei in international sporting events such as the olympic games."
"sephirot (in hebrew ), meaning ""enumerations"", are the 10 attributes/emanations in kabbalah, through which god (who is referred to as ein sof - the limitless) reveals himself and continuously creates both the physical realm and the chain of higher metaphysical realms (seder hishtalshelus).","sephirot (in hebrew ), meaning ""enumerations"", are the 10 attributes/emanations in kabbalah, through which god (who is referred to as ein sof - the limitless) reveals him/herself and continuously creates both the physical realm and the chain of higher metaphysical realms (seder hishtalshelus)."
newspoll's frequent surveys of voter opinion are published in the australian.,newspoll's surveys of voter opinion are published in the australian.
the proper term for a knitted winter cap is beanie.,the usual english-language term for a knitted winter cap is beanie.
"the charges , however, impacted otto's campaign and she lost her re-election bid in 2004.","the false information distributed by her campaign , however, impacted otto's campaign and she lost her re-election bid in 2004."
"the fraser institute, a right-wing conservative think tank, has also argued in favor of the amero.","the fraser institute, a conservative think tank, has also argued in favor of the amero."
"martin st. louis, nhl hockey star","martin st. louis, nhl hockey player"
"even if he were a superman, it would still be highly undesireable that our men should credit him with supernatural powers"" and he ended the memo with the amazing line ""i am not jealous of rommel.""","even if he were a superman, it would still be highly undesireable that our men should credit him with supernatural powers"" and he ended the memo with the line ""i am not jealous of rommel."""
"kosovo albanians organized a peaceful separatist movement, creating a number of parallel structures in education, medical care, and taxation.","kosovo albanians organized a separatist movement, creating a number of parallel structures in education, medical care, and taxation."
"meanwhile, in alberta, canada, a downed spacecraft is being excavated under the direction of josepho, the leader of a ufo cult .","meanwhile, in alberta, canada, a downed spacecraft is being excavated under the direction of josepho, the leader of a ufo religion ."
"schreiber is also a respected stage actor, having performed in several broadway productions.","schreiber is also a stage actor, having performed in several broadway productions."
"making the town worth visiting is, not only the excellent wine the rdesheimer berg is among germanys best winegrowing areas or even the old town itself, but also the picturesque rheingau landscape together with the romantic rhine.","making the town worth visiting is, not only the wine the rdesheimer berg is among germanys best winegrowing areas or even the old town itself, but also the picturesque rheingau landscape together with the romantic rhine."
however his most fascinating book may be ' the art of psychotherapy'.,however his most notable book may be ' the art of psychotherapy'.
"justinian was born in a small village called tauresium in illyricum, near skopje , in the balkan peninsula, probably on may 11, 483 to vigilantia, the sister of the highly esteemed general justin, who rose from the ranks of the army to become emperor.","justinian was born in a small village called tauresium in illyricum, near scupi , in the balkan peninsula, probably on may 11, 483 to vigilantia, the sister of the highly esteemed general justin, who rose from the ranks of the army to become emperor."
"only one practitioner responded, and the results were negative (she correctly identified only 11 of 20 subjects as either suffering from chronic pain or suffering no chronic medical conditions).","only one practitioner responded, and the results were statistically insignificant (she correctly identified only 11 of 20 subjects as either suffering from chronic pain or suffering no chronic medical conditions)."
"this differs from the majority of modern democracies, which are representative democracies.","this differs from the majority of most currently established democracies, which are representative democracies."
"given the decline in such groups over the years, the splc has become involved in other civil rights causes, including cases concerned with institutional racial segregation and discrimination, discrimination based on sexual orientation, the mistreatment of illegal immigrants, and the separation of church and state.","given the decline in such groups over the years, the splc has become involved in other civil rights causes, including cases concerned with institutional racial segregation and discrimination, discrimination based on sexual orientation, the treatment of illegal immigrants, and the separation of church and state."
"hosking is a climate change denier , stating on seven sharp that he doesn't believe in the ipcc report.","hosking is a climate change skeptic , stating on seven sharp that he doesn't believe in the ipcc report."
"founder pat metheny first emerged on the jazz scene in the mid-1970s with a pair of solo albums; bright size life released in 1976 - a trio album with virtuoso bass guitarist jaco pastorius and bob moses, followed by watercolors in 1977, featuring eberhard weber on bass, pianist lyle mays, and drummer danny gottlieb.","founder pat metheny first emerged on the jazz scene in the mid-1970s with a pair of solo albums; bright size life released in 1976 - a trio album with bass guitarist jaco pastorius and bob moses, followed by watercolors in 1977, featuring eberhard weber on bass, pianist lyle mays, and drummer danny gottlieb."
"the song was gaye's third posthumous hit since his april 1, 1984 tragic death at the hands of his minister father and was the highest-charted single for gaye since 1985's ""sanctified lady"".","the song was gaye's third posthumous hit since his april 1, 1984 death at the hands of his minister father and was the highest-charted single for gaye since 1985's ""sanctified lady""."
"talk to ya later, a hit song by the rock and roll group the tubes, on their album the completion backward principle","talk to ya later, a song by the rock and roll group the tubes, on their album the completion backward principle"
"this is clearly a reference to todd rundgren's contribution in the middle of ""bat out of hell"".","this is a reference to todd rundgren's contribution in the middle of ""bat out of hell""."
"in recent years, documents of the fvey have shown that they are intentionally spying on one another's citizens and willingly sharing the collected information with each other in order to circumvent restrictive domestic regulations on spying.","in recent years, documents of the fvey have shown that they are intentionally spying on one another's citizens and sharing the collected information with each other in order to circumvent restrictive domestic regulations on spying."
beck condemned the massacre in spite of his statements about its victims.,beck condemned the attack in spite of his statements about its victims.
"the difference between these alphabets and ipa is relatively small, although often the special characters of the ipa are abandoned in favour of diacritics or digraphs in these alphabets, since many typewriters and primitive computers have no support for the many special characters of the ipa.","the difference between these alphabets and ipa is relatively small, although often the special characters of the ipa are abandoned in favour of diacritics or digraphs in these alphabets, since many typewriters and older computers have no support for the many special characters of the ipa."
"it is based in the sahrawi refugee camps of tindouf, algeria, but also has supporters and members in the sahrawi diaspora in mauritania, spain, france and various european countries, as well as in the moroccan- occupied part of western sahara.","it is based in the sahrawi refugee camps of tindouf, algeria, but also has supporters and members in the sahrawi diaspora in mauritania, spain, france and various european countries, as well as in the moroccan- controlled part of western sahara."
"the first continental congress of the united colonies of north america met here from september 5 to october 26, 1774, since the pennsylvania state house (independence hall) was being used by the tory provincial assembly of pennsylvania.","the first continental congress of the united colonies of north america met here from september 5 to october 26, 1774, since the pennsylvania state house (independence hall) was being used by the moderate provincial assembly of pennsylvania ."
the american veterinary medical association guidelines state that a veterinarian should examine an animal,the american veterinary medical association guidelines recommend that a veterinarian should examine an animal
the notorious writer and publisher frank harris was born in galway.,the writer and publisher frank harris was born in galway.
the plan for a fairly bloodless seizure of power was foiled when the authorities in dublin heard of the plot from an informer (a protestant convert named owen o'connolly) and arrested maguire and macmahon.,the plan for a fairly bloodless seizure of power was foiled when the authorities in dublin heard of the plot from an agent (a protestant convert named owen o'connolly) and arrested maguire and macmahon.
"it was approved by wide margin, 66% favorable and only 34% against, in november 2004.","it was approved by wide margin, 66% favorable and 34% against, in november 2004."
"on july 16, 2008, the mexican navy intercepted a 10 meter long narco submarine travelling about 200 kilometers off the southwest of oaxaca, mexico; in a daring raid, mexican navy special forces rappelled from a helicopter on to the deck of the narco submarine and arrested four smugglers before they could scuttle their vessel.","on july 16, 2008, the mexican navy intercepted a 10 meter long narco submarine travelling about 200 kilometers off the southwest of oaxaca, mexico; in a raid, mexican navy special forces rappelled from a helicopter on to the deck of the narco submarine and arrested four smugglers before they could scuttle their vessel."
"the panicky carthaginians offered peace with scipio, who, having the authority, granted it with modest terms.","the panicked carthaginians offered peace with scipio, who, having the authority, granted it with modest terms."
"in the late 1940s the united states, as the cold war escalated between the united states and the soviet union and china, the nation went through a period of intense anti-communist soul-searching .","in the late 1940s the united states, as the cold war escalated between the united states and the soviet union and china, the nation went through a period of intense anti-communist tensions and suspicion ."
"it emphasizes clear, strong picturesque massing, round-headed ""romanesque"" arches, often springing from clusters of short squat columns, recessed entrances, richly varied rustication, boldly blank stretches of walling contrasting with bands of windows, and cylindrical towers with conical caps embedded in the walling.","it emphasizes clear, strong picturesque massing, round-headed ""romanesque"" arches, often springing from clusters of short squat columns, recessed entrances, richly varied rustication, blank stretches of walling contrasting with bands of windows, and cylindrical towers with conical caps embedded in the walling."
"but there is no reliable evidence that the front armor of the king tiger, had ever been penetrated in combat.","despite the wartime testing there is no reliable evidence that the front armor of the king tiger, had ever been penetrated in combat."
carles puigdemont i casamaj ( ; 29 december 1962) is a spanish politician and former journalist.,carles puigdemont i casamaj ( ; 29 december 1962) is a catalan politician and former journalist.
it is alleged that he repeatedly engaged in sexual acts with an unidentified female who was aged 14 when the abuse began.,it is alleged that he repeatedly engaged in sexual acts with an unidentified female who was aged 14 when the affair began.
"invited after earlier unsuccessful expeditions against the prussians by polish princes, the teutonic knights began campaigning against the balts in 1230. by the end of the century, having endured several prussian uprisings, the knights had established control over prussia and administered the prussians through their monastic state.","invited after earlier unsuccessful expeditions against the prussians by polish princes, the teutonic knights began campaigning against the balts in 1230. by the end of the century, having quelled several prussian uprisings, the knights had established control over prussia and administered the prussians through their monastic state."
"the graphically explicit depiction of sexuality garnered the novel a notoriety in china akin to fanny hill and lolita in english literature, but critics such as the translator david tod roy see a firm moral structure which exacts retribution for the sexual libertinism of the central characters.","the graphically explicit depiction of sexuality garnered the novel a notoriety in china akin to fanny hill and lolita in english literature, but critics such as the translator david tod roy see a firm society structure which exacts retribution for the sexual libertinism of the central characters."
"haunted glory: the rise and fall of trilobyte - excellent detailed article that goes into the making of the 7th guest, the 11th hour, and what went on in the company.","haunted glory: the rise and fall of trilobyte - detailed article that goes into the making of the 7th guest, the 11th hour, and what went on in the company."
"he generously donated the sculpture 'hope' to the blind museum (museo tiflolgico) in madrid, spain.","he donated the sculpture 'hope' to the blind museum (museo tiflolgico) in madrid, spain."
"they are members of the legendary certified wise crew which is also comprised of hilltop hoods, terra firma & after hours.","they are members of the certified wise crew which is also comprised of hilltop hoods, terra firma & after hours."
"according to the iranian government, the shooting down of ir 655 by the vincennes was an intentionally performed and unlawful act .","according to the iranian government, the shooting down of ir 655 by the vincennes was an intentionally performed and unlawful attack ."
"the westin book cadillac detroit is a luxurious historic skyscraper hotel located at 1114 washington boulevard in downtown detroit, michigan, within the washington boulevard historic district.","the westin book cadillac detroit is a historic skyscraper hotel located at 1114 washington boulevard in downtown detroit, michigan, within the washington boulevard historic district."
"batu khan crushed the forces of the rus vassals, the chorni klobuky, who were on their way to relieve kiev, and the entire mongol army camped outside the city gates, joining mngke's troops.","batu khan destroyed the forces of the rus vassals, the chorni klobuky, who were on their way to relieve kiev, and the entire mongol army camped outside the city gates, joining mngke's troops."
"logan's lament was a famous speech delivered by a native american in late colonial times, 1774. the english language version comes down to us, recorded in thomas jefferson's own hand.","logan's lament was a speech delivered by a native american in late colonial times, 1774. the english language version comes down to us, recorded in thomas jefferson's own hand."
"wayne, as his friends called snell, was an anomaly amongst the racists .","wayne, as his friends called snell, was an anomaly amongst the militants ."
"for my pain... is a gothic metal supergroup from oulu, finland, featuring members from embraze, eternal tears of sorrow, nightwish, charon and reflexion.","for my pain... is a gothic metal band from oulu, finland, featuring members from embraze, eternal tears of sorrow, nightwish, charon and reflexion."
"the brand name captures the attributes that the company wants its technicians and installers to embody: helpful, knowledgeable, friendly and reliable.","the brand name attempts to capture the attributes that the company wants its technicians and installers to embody: helpful, knowledgeable, friendly and reliable."
"emory mccord folmar was born in troy, al on june 3, 1930. he was a staunch republican conservative and the mayor of montgomery, al from 1977 to 1999.","emory mccord folmar was born in troy, al on june 3, 1930. he was a republican conservative and the mayor of montgomery, al from 1977 to 1999."
"the university of wisconsinmadison (also known as university of wisconsin, wisconsin, or regionally as uw, uwmadison, or simply madison) is a selective public research university located in madison, wisconsin, united states.","the university of wisconsinmadison (also known as university of wisconsin, wisconsin, or regionally as uw, uwmadison, or simply madison) is a public research university located in madison, wisconsin, united states."
"it took 4000 packs and was exhibited at london zoo in 2007. other serious artists have created works from the material, and there is a large international body of dedicated users of blu-tack who create minor art works and stop-motion animation.","it took 4000 packs and was exhibited at london zoo in 2007. other artists have created works from the material, and there is a large international body of dedicated users of blu-tack who create minor art works and stop-motion animation."
"the album is executively produced by drake himself, alongside frequent collaborator noah ""40"" shebib and manager oliver el-khatib, and features production from 40, alongside a variety of high-profile producers, including no i.d., boi-1da, dj premier, dj paul, tay keith, t-minus, murda beatz, cardo and noel cadastre, among others.","the album is executively produced by drake himself, alongside frequent collaborator noah ""40"" shebib and manager oliver el-khatib, and features production from 40, alongside a variety of producers, including no i.d., boi-1da, dj premier, dj paul, tay keith, t-minus, murda beatz, cardo and noel cadastre, among others."
"located on a picturesque 15-acre campus in new delhi, india amity is also know for being the first wireless campus of india.","located on a 15-acre campus in new delhi, india amity is also know for being the first wireless campus of india."
"jack abramoff (1959-), disgraced republican political activist and businessman who was a central figure in a series of high-profile political scandals.","jack abramoff (1959-), republican political activist and businessman who was a central figure in a series of high-profile political scandals."
"while the 2nd was involved in home defence and training throughout the war, the 1st participated in the invasion of normandy and northwestern europe as part of the excellent 159th brigade, 11th armoured division.","while the 2nd was involved in home defence and training throughout the war, the 1st participated in the invasion of normandy and northwestern europe as part of the 159th brigade, 11th armoured division."
"the term ""algonquin"" derives from the maliseet word elakmkwik , ""they are our relatives/allies"".","the term ""algonquin"" has been suggested to derive from the maliseet word elakmkwik , ""they are our relatives/allies""."
"the particular factors of this extraordinary case were these: ow bunker (owb) was an intermediary supplier of bunkers to ships, having bought the fuel from wholesale suppliers.","the particular factors of this extraordinary case were these: ow bunker (owb) was an intermediary supplier of bunkers to ships, having obtained the fuel from wholesale suppliers."
"in total, 13 innocent people were killed and 24 were injured.","in total, 13 people were killed and 24 were injured."
it promotes cost-effective energy efficiency and renewable energy technologies.,it was established to promote cost-effective energy efficiency and renewable energy technologies.
american cowboy icon sam elliott plays lee scoresby in the film version.,american actor icon sam elliott plays lee scoresby in the film version.
his wife tragically was watching the race when he crashed to his death.,his wife was watching the race when he crashed to his death.
brooks is most affectionately remembered for his stellar appearances on the dean martin celebrity roasts.,brooks is most affectionately remembered for his appearances on the dean martin celebrity roasts.
"in new age, channeling is the special ability of a person (called a channel) to receive information --much as a radio receives a signal from a transmitter-- from an unknown source.","in new age, channeling is a supposed special ability of a person (called a channel) to receive information --much as a radio receives a signal from a transmitter-- from an unknown source."
"the black pine also played as the backing band for the comedienne sarah silverman's one woman show, ""sarah silverman: jesus is magic"", performed at second city in los angeles and the canon theater in beverly hills, california.","the black pine also played as the backing band for the comedian sarah silverman's one woman show, ""sarah silverman: jesus is magic"", performed at second city in los angeles and the canon theater in beverly hills, california."
"on april 18, 2011, in his inaugural television broadcast on canada's sun news network (also published in the pages of its sister newspaper outlet) conservative columnist ezra levant decried the crtc's decision on ckln as just another oppressive example of arbitrary government bureaucracy and interference into the lives and businesses of ordinary canadians.","on april 18, 2011, in his inaugural television broadcast on canada's sun news network (also published in the pages of its sister newspaper outlet) conservative columnist ezra levant said the crtc's decision on ckln as just another oppressive example of arbitrary government bureaucracy and interference into the lives and businesses of ordinary canadians."
his odd-sounding voice is provided by andy serkis.,his voice is provided by andy serkis.
"in march 2011, right-wing activist james o'keefe conducted a sting operation during which departing npr fundraiser ronald schiller was recorded heavily criticizing the tea party, describing them as ""fanatically involved in people's personal lives and very fundementally christiani wouldn't even call it christian...basically, they believe in white, middle america, gun-totingit's pretty scary.","in march 2011, conservative activist james o'keefe conducted a sting operation during which departing npr fundraiser ronald schiller was recorded heavily criticizing the tea party, describing them as ""fanatically involved in people's personal lives and very fundementally christiani wouldn't even call it christian...basically, they believe in white, middle america, gun-totingit's pretty scary."
"it is not unusual (and fully acceptable ) for muslims and christians to make offerings to local gods, goddesses, and spirits.","it is not unusual (and fully accepted ) for muslims and christians to make offerings to local gods, goddesses, and spirits."
the attack took place exactly one year and one day after the death of the actor.,the attack took place one year and one day after the death of the actor.
"since the chinese civil war in 1949, taiwan has been administered by the republic of china (roc), which is itself sometimes identified as ""taiwan"".","since the chinese civil war in 1949, taiwan has been governed by the republic of china (roc), which is itself sometimes identified as ""taiwan""."
"however, his career was tragically cut short through illness.","however, his career was cut short through illness."
"the snout, with an acute sense of smell, assists the skilled paws in a hog-like manner to unearth invertebrates.","the snout, with an acute sense of smell, assists the paws in a hog-like manner to unearth invertebrates."
vince lombardi nfl's greatest coach buried at mount olivet cemetery,vince lombardi nfl's coach buried at mount olivet cemetery
"sahaja yoga aims at providing a trans-cultural 'spontaneous' method of attaining this state , which is said to integrate every aspect of spiritual, physical, mental and emotional wellbeing, unlike other traditional methods such as hatha yoga, which rely on the physical pathway of postures and breathing exercises to attain self-realization.","sahaja yoga aims at providing a trans-cultural 'spontaneous' method of attaining this state , which is said to integrate every aspect of spiritual, physical, mental and emotional wellbeing, unlike other traditional methods such as hatha yoga, which are characterised by sahaja yoga as relying on the physical pathway of postures and breathing exercises to attain self-realization."
"the popularity of the conservative party has expanded however recent polls suggest that given gordon brown's excellent handling of the economic crisis, the tories only have a slight lead in polls and not enough to give them an overall majority.","the popularity of the conservative party has expanded however recent polls suggest that given gordon brown's handling of the economic crisis, the tories only have a slight lead in polls and not enough to give them an overall majority."
"today they are supported by the posix operating system standard, most unix-like operating systems such as freebsd, gnu/ linux, and mac os x and windows operating systems such as windows vista, windows 7 and to some degree in windows 2000 and windows xp in the form of shortcut files.","today they are supported by the posix operating system standard, most unix-like operating systems such as freebsd, linux, and mac os x and windows operating systems such as windows vista, windows 7 and to some degree in windows 2000 and windows xp in the form of shortcut files."
"as can be seen, the neuter gender does not include all nouns that correspond to genderless realities.","as can be seen, the neutral gender does not include all nouns that correspond to genderless realities."
"lebanon (arabic: ), officially the lebanese republic (arabic: ), is a small, largely mountainous arab country in the middle east, located at the eastern edge of the mediterranean sea.","lebanon (arabic: ), officially the lebanese republic (arabic: ), is a small, largely mountainous country in the middle east, located at the eastern edge of the mediterranean sea."
"a spectacularly talented driver, senna had supreme control of the car and a seemingly 'god given' right to win.","a prodigiously talented driver, senna had supreme control of the car and a seemingly 'god given' right to win."
"while the vast majority of quebec non-francophones were opposed, it was supported by a bare majority of francophones.","while the vast majority of quebec non-francophones were opposed, it was supported by a narrow majority of francophones."
"vice- chairman of the conservative party with special responsibility for business relations, she was nominated for a life peerage in august 2015.","vice- chairmwoman of the conservative party with special responsibility for business relations, she was nominated for a life peerage in august 2015."
"justice mohammed nizamul huq was appointed as the head of the international crimes tribunal on 25 march 2010, and he resigned amid a scandal on 11 decemeber 2012 after skype calls between himself and ahmed ziauddin, including the admission that guilty verdicts had already been decided were publicly released.","justice mohammed nizamul huq was appointed as the head of the international crimes tribunal on 25 march 2010, and he resigned amid a controversy on 11 decemeber 2012 after skype calls between himself and ahmed ziauddin, including the admission that guilty verdicts had already been decided were publicly released."
singh is a member of the samajwadi party (socialist party) and is a chamcha of uttar pradesh chief minister mulayam singh yadav.,singh is a member of the samajwadi party (socialist party) and is a close associate of uttar pradesh chief minister mulayam singh yadav.
"a series of original micro genius games, such as chinese chess and thunder warrior, was produced in both famicom and nes format, but pirated copies of japanese games remained more popular in the countries where the console was sold.","a series of original micro genius games, such as chinese chess and thunder warrior, was produced in both famicom and nes format, but unlicensed copies of japanese games remained more popular in the countries where the console was sold."
"following this he returns to the gangster to inform him of his daughter's passing , neglecting to mention where she actually ended up, and winds up with the criminal in his debt.","following this he returns to the gangster to inform him of his daughter's death , neglecting to mention where she actually ended up, and winds up with the criminal in his debt."
"despite a strong first round victory, he succumbed to tim clark in the second round.","despite a first round victory, he succumbed to tim clark in the second round."
both his son and his second wife have had directorships of the left-leaning institute for public policy research.,both his son and his second wife have had directorships of the institute for public policy research.
"however, the ""niggertown saturday night"" origin for ""saturday night special"" has been questioned by some scholars .","however, the ""niggertown saturday night"" origin for ""saturday night special"" has been questioned by some."
"historically, politically and culturally, however, it is closely aligned with europe the greek cypriots in the internationally recognised government controlled area with greece and the turkish cypriots in the illegally occupied north with turkey.","historically, politically and culturally, however, it is closely aligned with europe the greek cypriots in the internationally recognised government controlled area with greece and the turkish cypriots in the occupied north with turkey."
british physician andrew turnbull's oppressive new smyrna colony in 1768.,british physician andrew turnbull's new smyrna colony in 1768.
"druuna is a popular erotic science fiction and fantasy comic book character created by italian cartoonist paolo eleuteri serpieri, featured prominently in metal hurlant and heavy metal magazines.","druuna is a erotic science fiction and fantasy comic book character created by italian cartoonist paolo eleuteri serpieri, featured prominently in metal hurlant and heavy metal magazines."
sarcfago is a groundbreaking black metal/deaththrash band from brazil.,sarcfago is a black metal/deaththrash band from brazil.
"an extremely talented mercenary mage, he is the grandson of niime and the son of canas, who appears in fire emblem.","an extremely mercenary mage, he is the grandson of niime and the son of canas, who appears in fire emblem."
"anna charlotta schrderheim, ne von stapelmohr, also called ann-charlotte or anne-charlotte, (1754-1791), was a swedish noble woman , lady-in-waiting, wit and salonist, spouse of the politician elis schrderheim.","anna charlotta schrderheim, ne von stapelmohr, also called ann-charlotte or anne-charlotte, (1754-1791), was a swedish noble, lady-in-waiting, wit and salonist, spouse of the politician elis schrderheim."
"29 april 1994 - michael brown (23), an informer shot by the provisional irish republican army and body found by the side of omeath road, near newry.","29 april 1994 - michael brown (23), alleged informer shot by the provisional irish republican army and body found by the side of omeath road, near newry."
"dolly lenz, new york real estate super agent","dolly lenz, new york real estate agent"
reginald mckenna (1863-1943) was a liberal british statesman who has recently achieved a limmited amount of noteriety following a recent biography by disgraced former tory mp martin farr.,reginald mckenna (1863-1943) was a liberal british statesman who has recently achieved a limmited amount of noteriety following a recent biography by former tory mp martin farr.
the governance of present day ezidixan or west sinjar is conducted by the ezidixan peoples council ( ec ),the governance of present day ezidixan or west sinjar is conducted by the ezidixan peoples council ( epc )
"similiar to the 30 sentai encyclopedia segments featured in gougou sentai boukenger, they discuss the history of the kamen rider franchise in a comedic over-reacting tone.","similiar to the 30 sentai encyclopedia segments featured in gougou sentai boukenger, they discuss the history of the kamen rider franchise in a comedic tone."
"it was home to the now defunct ""dr. simian lemur industries"", a cosmetic company which produced very alternative remedies.","it was home to the now defunct ""dr. simian lemur industries"", a cosmetic company which produced alternative remedies."
"googlezon is the name of a fictional future company created when google merges with amazon.com in the popular dystopian flash movie epic 2014, released in november 2004. as the story goes, google, having consolidated all of its services into the google grid a ""universal platform that provides a functionally limitless amount of storage space and bandwidth to store and share media of all kinds"" and amazon.com, with its ""social recommendation engine"" and ""huge commercial infrastructure"" combine forces to battle with microsoft and its fictional newsbotster in the ""news wars of 2010"" which are ""notable for the fact that no actual news organizations take part"".","googlezon is the name of a fictional future company created when google merges with amazon.com in the popular utopian flash movie epic 2014, released in november 2004. as the story goes, google, having consolidated all of its services into the google grid a ""universal platform that provides a functionally limitless amount of storage space and bandwidth to store and share media of all kinds"" and amazon.com, with its ""social recommendation engine"" and ""huge commercial infrastructure"" combine forces to battle with microsoft and its fictional newsbotster in the ""news wars of 2010"" which are ""notable for the fact that no actual news organizations take part""."
"stephen baldwin (born may 12, 1966 in massapequa, new york) is an american actor, best known for his role in the 1995 ensemble cult film the usual suspects.","stephen baldwin (born may 12, 1966 in massapequa, new york) is an american actor, best known for his role in the 1995 ensemble film the usual suspects."
"slavery in the u.s. also originated with these decrees, dating from prior to the english reformation and enlightenment, and was used by catholic justice of united states supreme court roger taney to justify the infamous dred scott decision.","slavery in the u.s. also originated with these decrees, dating from prior to the english reformation and enlightenment, and was used by catholic justice of united states supreme court roger taney to justify the dred scott decision."
"tiger tim - as he is ironically known to the british tabloids and wimbledon diehards (many of whom assemble on henman hill, unofficially named for their hero) - has come tantalisingly close to reaching the final on a number of occasions, bowing out during the semi-final in 1998, 1999, 2001 (when just two points from victory at one point) and 2002. in 2000 he reached the fourth round and in 1996, 1997, 2003 and 2004 he was ousted during the quarter-finals.","tiger tim - as he is known to the british tabloids and wimbledon diehards (many of whom assemble on henman hill, unofficially named for their hero) - has come tantalisingly close to reaching the final on a number of occasions, bowing out during the semi-final in 1998, 1999, 2001 (when just two points from victory at one point) and 2002. in 2000 he reached the fourth round and in 1996, 1997, 2003 and 2004 he was ousted during the quarter-finals."
sexy comedienne alyssa alano joined him as co-host and had her own segment.,sexy comedian alyssa alano joined him as co-host and had her own segment.
he vigorously denied allegations that she could have committed suicide.,he denied allegations that she could have committed suicide.
richards is a popular politician and member of the bermuda senate for the united bermuda party.,richards is a politician and member of the bermuda senate for the united bermuda party.
"he is known for three major works of latin literature, the eclogues (or bucolics), the georgics, and the epic aeneid.","he is known for three acclaimed works of latin literature, the eclogues (or bucolics), the georgics, and the epic aeneid."
"she recalls that during the lebanese civil war, islamic militants launched an assault on a lebanese military base near her family's house and destroyed her home.","she claims that during the lebanese civil war, islamic militants launched an assault on a lebanese military base near her family's house and destroyed her home."
the band are due to re-issue their seminal self-titled debut album on 24th september 2007.,the band are due to re-issue their self-titled debut album on 24th september 2007.
d.c. united's early domination,d.c. united's early successes
popular mechanics is a classic magazine of popular science and technology.,popular mechanics is a magazine of popular science and technology.
"may 2 – osama bin laden, saudi arabian-born terrorist (b.","may 2 – osama bin laden, saudi arabian-born leader of al-qaeda (b."
"since 1970, a group of leftist native americans and others have held a national day of mourning protest on thanksgiving at plymouth rock in plymouth, massachusetts.","since 1970, a group of native americans and others have held a national day of mourning protest on thanksgiving at plymouth rock in plymouth, massachusetts."
"julie halston (born december 7, 1954) is an american actress and comedienne .","julie halston (born december 7, 1954) is an american actress and comedian ."
"it also promotes social policies such as civil liberties, animal rights, lgbtiq rights and drug policy reform.","it also takes a progressive approach to social policies such as civil liberties, animal rights, lgbtiq rights and drug policy reform."
"skibbereen 1847 by cork artist james mahony (18101879), commissioned by illustrated london news 1847.the great famine ( or an drochshaol, lit: the bad life) was a calamitous period of starvation, disease and mass emigration between 1845 and 1852 during which the population of ireland was reduced by 20 to 25 percent.","skibbereen 1847 by cork artist james mahony (18101879), commissioned by illustrated london news 1847.the great famine ( or an drochshaol, lit: the bad life) was a period of starvation, disease and mass emigration between 1845 and 1852 during which the population of ireland was reduced by 20 to 25 percent."
"additionally, 750 employers were present in ann arbor for the law schools early interview week in august of 2006. since 1991, michigan law has been the top public law school for united states supreme court clerkships, placing 23 graduates in this prestigious position.","additionally, 750 employers were present in ann arbor for the law schools early interview week in august of 2006. since 1991, michigan law has been the top public law school for united states supreme court clerkships, placing 23 graduates in this position."
popular online portals like ebay and paypal are also using multi lingual virtual agents to offer online support to their customers.,online portals like ebay and paypal are also using multi lingual virtual agents to offer online support to their customers.
the adopted state measure still forces women to undergo an ultrasound examination (minus vaginal probe) before having an abortion.,the adopted state measure still requires women to undergo an ultrasound examination (minus vaginal probe) before having an abortion.
"the game is currently played in 47 countries with more than 30,000 gothic chess sets reportedly sold by the gothic chess federation at mid 2004.","the game claims to be currently played in 47 countries with more than 30,000 gothic chess sets reportedly sold by the gothic chess federation at mid 2004."
"she later transferred to reno, nevada where she married and had two daughters , christian and donnay.","she later transferred to reno, nevada where she married and had two children , christian and donnay."
"rolfe made friends with a group of the local genzano ragazzi, with whom he explored the local countryside and whom he later immortalised in his charming folk tales stories toto told me.","rolfe made friends with a group of the local genzano ragazzi, with whom he explored the local countryside and whom he later immortalised in his folk tales stories toto told me."
rctv had been the most-vocal critic of chavez' dictatorial government among over-the-air tv networks.,rctv had been the most-vocal critic of chavez' government among over-the-air tv networks.
holly woodlawn makes her screen debut in this film for which she received many accolades; director george cukor famously instigated a write-in campaign to have holly nominated for an academy award which unfortunately didn't materialize.,holly woodlawn makes her screen debut in this film for which she received many accolades; director george cukor famously instigated a write-in campaign to have holly nominated for an academy award which didn't materialize.
"alexander senki (english title - reign : the conqueror) was an anime first released in 1997. a fantastic re-imagination of the life of alexander the great based on the novel by hiroshi aramata, alexander was intended to be a ground-breaking international production that drew on all the resources of the worldwide adult animation community.","alexander senki (english title - reign : the conqueror) was an anime first released in 1997. a re-imagination of the life of alexander the great based on the novel by hiroshi aramata, alexander was intended to be a ground-breaking international production that drew on all the resources of the worldwide adult animation community."
"an attack on the ukrainian military base in mariupol by pro-russian militants results in the deaths of 3 of the militants, the wounding of another 13, and the capture of 63 others.","an skirmish on the ukrainian military base in mariupol by pro-russian militants results in the deaths of 3 of the militants, the wounding of another 13, and the capture of 63 others."
saint lucia is also one of the few islands in the world that boasts a drive-in volcano.,saint lucia is also one of the few islands in the world that contains a drive-in volcano.
maulana tariq jameel is a renowned scholar who delivers lectures during this annual convention which in pakistan is called ijtema.,maulana tariq jameel is a scholar who delivers lectures during this annual convention which in pakistan is called ijtema.
"from september 1998 until december 1999, little was written about mumford and kessel's quinacrine escapades .","from september 1998 until december 1999, little was written about mumford and kessel's quinacrine plans ."
"the latter emphasizes a spiritual or non-physical dimension to life, and may include belief in god , gods or other supernatural entities, and a reference to the concept of the soul.","the latter emphasizes a spiritual or non-physical dimension to life, and may include belief in a supreme being , gods or other supernatural entities, and a reference to the concept of the soul."
"matthew c. taibbi (born march 2, 1970) is an american journalist and leftist political writer.","matthew c. taibbi (born march 2, 1970) is an american journalist and political writer."
"in an obvious reference to the high-rated show the statler brothers released ""nobody wants to be country"" that contains the opening line:","in an possible reference to the high-rated show the statler brothers released ""nobody wants to be country"" that contains the opening line:"
"at the same time, the crimes have been incorrectly cited by muslim australians as contributing to an increase in racial vilification towards the muslim community","at the same time, the crimes have been cited by muslim australians as contributing to an increase in racial vilification towards the muslim community"
the preamble to the constitution of the episcopal church now reads powerfully :,the preamble to the constitution of the episcopal church now reads:
"aubrey david nicholas jasper de grey, ph.d., (born 20 april 1963 in london, england) is a controversial biomedical gerontologist who lives in the city of cambridge, uk.","aubrey david nicholas jasper de grey, ph.d., (born 20 april 1963 in london, england) is a biomedical gerontologist who lives in the city of cambridge, uk."
umno veteran tengku razaleigh hamzah said that malaysians should consider 1malaysia in the context of controversies such as the constitutional failure in perak and the troubles associated with the port klang free zone project.,umno veteran tengku razaleigh hamzah said that malaysians should consider 1malaysia in the context of controversies such as the constitutional crisis in perak and the troubles associated with the port klang free zone project.
"msnbc liberal commentator rachel maddow said, ""the unofficial republican party media outlet, fox news channel, has explicitly endorsed these events.""","msnbc commentator rachel maddow said, ""the unofficial republican party media outlet, fox news channel, has explicitly endorsed these events."""
"lord and lady mountbatten with muhammad ali jinnahnotwithstanding the self-promotion of his own part in indian independence notably in the television series the life and times of admiral of the fleet lord mountbatten of burma, produced by his son-in-law lord brabourne and dominique lapierre, and larry collins's freedom at midnight (of which he was the main quoted source) his record is seen as very mixed; one common view is that he hastened the independence process unduly and recklessly, foreseeing vast disruption and loss of life and not wanting this to occur on the british watch, but thereby actually causing it to occur, especially in punjab and bengal.","lord and lady mountbatten with muhammad ali jinnahnotwithstanding the self-promotion of his own part in indian independence notably in the television series the life and times of admiral of the fleet lord mountbatten of burma, produced by his son-in-law lord brabourne and dominique lapierre, and larry collins's freedom at midnight (of which he was the main quoted source) his record is seen as very mixed; one common view is that he hastened the independence process unduly and recklessly, foreseeing vast disruption and loss of life and not wanting this to occur on the british watch, but thereby actually helping it to occur, especially in punjab and bengal."
edgar thurston describes the pallar or pallan as a caste of menial agricultural labourers.,edgar thurston describes the pallar or pallan as a caste of agricultural labourers.
"while users can change the button to a 'back' button, unfortunately there is no way to add a 'forward' button.","while users can change the button to a 'back' button, there is no way to add a 'forward' button."
"golgi' staining was famously used by spanish neuroanatomist santiago ramn y cajal (18521934) to discover a number of novel facts about the organization of the nervous system, inspiring the birth of the neuron doctrine.","golgi' staining was used by spanish neuroanatomist santiago ramn y cajal (18521934) to discover a number of novel facts about the organization of the nervous system, inspiring the birth of the neuron doctrine."
diablo ii: lord of destruction (commonly abbreviated lod) is an expansion pack for the popular hack and slash action role-playing game diablo ii.,diablo ii: lord of destruction (commonly abbreviated lod) is an expansion pack for the hack and slash action role-playing game diablo ii.
"pearse mcauley (born circa 1965 in strabane) is a former provisional ira volunteer, who escaped from brixton prison in london on 7 july 1991 along with his cellmate nessan quinlivan, while awaiting trial on charges relating to a suspected ira plot to murder a former brewery company chairman, sir charles tidbury.","pearse mcauley (born circa 1965 in strabane) is a former provisional ira volunteer, who escaped from brixton prison in london on 7 july 1991 along with his cellmate nessan quinlivan, while awaiting trial on charges relating to a suspected ira plot to assassinate a former brewery company chairman, sir charles tidbury."
only 15 officially licensed aircraft appear in the game.,15 officially licensed aircraft appear in the game.
"however, with the repeal of dadt, the services are now less explicitly discriminatory to lgbt persons.","however, with the repeal of dadt, the services are now less discriminatory to lgbt persons."
"critics such as hitchens assert that many religions view normal sexual activity (such as homosexuality or masturbation) as evil or immoral, and that this view can sometimes leads to neuroses or other ill effects.","critics such as hitchens assert that many religions view some types of sexual activity (such as homosexuality or masturbation) as evil or immoral, and that this view can sometimes leads to neuroses or other ill effects."
"due to their successful live show and touring schedule, thelastplaceyoulook began to see regular rotations at festivals and shows around the country.","due to their live show and touring schedule, thelastplaceyoulook began to see regular rotations at festivals and shows around the country."
this beloved practice attracts mail from all over the world wishing to have the official santa claus postmark.,this practice attracts mail from all over the world wishing to have the official santa claus postmark.
"he is an uncredited co-author of the iron maiden classic ""the ides of march,"" which is a reworked version of the samson song ""thunderburst.""","he is an uncredited co-author of the iron maiden song ""the ides of march,"" which is a reworked version of the samson song ""thunderburst."""
"bates college is a small, prestigious liberal arts college located in lewiston, maine.","bates college is a small, liberal arts college located in lewiston, maine."
"ella fitzgerald (april 25, 1917 – june 15, 1996), also known as lady ella and the first lady of song, was one of the most influential jazz vocalists of the 20th century.","ella fitzgerald (april 25, 1917 – june 15, 1996), also known as lady ella and the first lady of song, is considered one of the most influential jazz vocalists of the 20th century."
"she was excellent portrayed by patricia arquette in a nightmare on elm street 3: dream warriors and by the singer-actress tuesday knight in ''a nightmare on elm street 4: the dream master, who plays herself in the 1994 wes craven's new nightmare.","she was portrayed by patricia arquette in a nightmare on elm street 3: dream warriors and by the singer-actress tuesday knight in ''a nightmare on elm street 4: the dream master, who plays herself in the 1994 wes craven's new nightmare."
a new democratic smear campaign has drawn attention to essays jindal wrote discussing his religious views of protestants.,a new democratic ad campaign has drawn attention to essays jindal wrote discussing his religious views of protestants.
"this partly represented lack of knowledge about the muslim prophet, but also stemmed from the claim that islam had adopted an aggressive and violent approach to expanding its influence.","this partly represented lack of knowledge about the muslim prophet, but also stemmed from the fact that islam had adopted an aggressive and violent approach to expanding its influence."
the book is a mere description of the grammar with few examples for every rule.,the book is a description of the grammar with few examples for every rule.
"gwen follows, and they seemingly kill electro in an explosion caused by overloading his electricity supply.","gwen follows, and they kill electro in an explosion caused by overloading his electricity supply."
1633: galileo faces the inquisition.,1633: galileo faces inquisition.
"through specific examples of how the government has integrated risk reduction as a centerpiece of its recovery efforts and of fruitful collaborative efforts between donors, ngos, and federal and local governments, mayard-paul encouraged potential partners present at the meeting to help haiti make a significant impact in disaster risk reduction and management, citing eight key areas of potential support, such as capacity building, infrastructure, knowledge and innovation, research, risk assessment, disaster risk reduction programming in priority cities, seismic and cyclonic risk reduction, communication and public awareness.","through specific examples of how the government has integrated risk reduction as a centerpiece of its recovery efforts and of collaborative efforts between donors, ngos, and federal and local governments, mayard-paul encouraged potential partners present at the meeting to help haiti make a significant impact in disaster risk reduction and management, citing eight key areas of potential support, such as capacity building, infrastructure, knowledge and innovation, research, risk assessment, disaster risk reduction programming in priority cities, seismic and cyclonic risk reduction, communication and public awareness."
"because of the ridiculous u.s. laws of video game morality at the time, they were replaced by two non cross-dressing counterparts named billy and sid respectively in the english localization of the snes and gba versions.","because of the u.s. laws of video game morality at the time, they were replaced by two non cross-dressing counterparts named billy and sid respectively in the english localization of the snes and gba versions."
"a boondoggle is a project that objectively wastes time and money, yet is often continued due to extraneous policy motivations.","a boondoggle is a project that arguably wastes time and money, yet is often continued due to extraneous policy motivations."
"they named the settlement after the town of bethlehem in judea, the birthplace of jesus christ .","they named the settlement after the town of bethlehem in judea, the birthplace of jesus."
the history of mobile phones begins with early attempts to develop radio telephone technology and from two-way radios in vehicles and continues through to emergence of the modern mobile phone and its associated services.,the history of mobile phones begins with early efforts to develop radio telephone technology and from two-way radios in vehicles and continues through to emergence of the modern mobile phone and its associated services.
"exploring the concept of positive christianity, steigmann-gall demonstrates that many in the nazi party leadership believed themselves and their movement to be inherently christian.","exploring the concept of positive christianity, steigmann-gall writes that many in the nazi party leadership believed themselves and their movement to be inherently christian."
"no gun ri is a village in south korea where between 8 and 400 south korean civilians were massacred by soldiers of the u.s. 7th cavalry regiment between july 26 and july 29, 1950. this incident gained widespread attention when the associated press published a series of articles in 1999 that subsequently won the pulitzer prize for investigative reporting.","no gun ri is a village in south korea where between 8 and 400 south korean civilians were killed by soldiers of the u.s. 7th cavalry regiment between july 26 and july 29, 1950. this incident gained widespread attention when the associated press published a series of articles in 1999 that subsequently won the pulitzer prize for investigative reporting."
"the wudang tai chi chuan system has a strong heritage with links to several famous tai chi chuan masters (see lineage diagram), including yang banhou , 'wu' quanyou '', wu jianquan , cheng wingkwong (zheng rongguang) , chen gengyun , and wang lanting .","the wudang tai chi chuan system has a well-documented heritage with links to several famous tai chi chuan masters (see lineage diagram), including yang banhou , 'wu' quanyou '', wu jianquan , cheng wingkwong (zheng rongguang) , chen gengyun , and wang lanting ."
"horn and kramer give an explanation of these unbelievable crimes: ''the source of the collective fantasy of the peoples war and of the harsh reprisals with which the german army (up to its highest level) responded are to be found in the memory of the franco-prussian war of 1870-1, when the german armies indeed faced irregular republican soldiers (or francs-tireurs), and in the way in which the spectre of civilian involvement in warfare conjured up the worst fears of democratic and revolutionary disorder for a conservative officer corps.","horn and kramer give an explanation of these crimes: ''the source of the collective fantasy of the peoples war and of the harsh reprisals with which the german army (up to its highest level) responded are to be found in the memory of the franco-prussian war of 1870-1, when the german armies indeed faced irregular republican soldiers (or francs-tireurs), and in the way in which the spectre of civilian involvement in warfare conjured up the worst fears of democratic and revolutionary disorder for a conservative officer corps."
hillside: named for its location at the highest part of the bu campus.,hillside: named for its location at the highest part of the binghamton campus.
"on the other hand, black consistently opposed the doctrine of substantive due process and correctly believed that there was no constitutionally-protected right to privacy.","on the other hand, black consistently opposed the doctrine of substantive due process and believed that there was no constitutionally-protected right to privacy."
"baldwin has also suggested reopening the investigation into the september 11, 2001 attacks, believing that the 9/11 truth movement have a right to have their conspiracy theories investigated, including the possibility of u.s. government involvement in the attacks.","baldwin has also suggested reopening the investigation into the september 11, 2001 attacks, believing that the 9/11 truth movement have a right to have their theories investigated, including the possibility of u.s. government involvement in the attacks."
"the six primary cataracts of the nile are described extensively by european colonials , notably by winston churchill in the river war (1899), where he recounts the exploits of the british trying to return to sudan between 1896 and 1898, after they were forced to leave in 1885.","the six primary cataracts of the nile are described extensively by european visitors , notably by winston churchill in the river war (1899), where he recounts the exploits of the british trying to return to sudan between 1896 and 1898, after they were forced to leave in 1885."
he claims that the ipcc and climate scientists have completely ignored the scientific literature on forecasting principles.,he claims that the ipcc and climate scientists have ignored the scientific literature on forecasting principles.
"the farm is a famous spiritual intentional community in summertown, tennessee, based on principles of nonviolence and respect for the earth.","the farm is a spiritual intentional community in summertown, tennessee, based on principles of nonviolence and respect for the earth."
the cyprus debacle created a tragedy that is still unfolding.,the cyprus debacle created a situation that is still unfolding.
"1543 - nicolas copernicus, polish astronomer (b.","1543 - nicolas copernicus, astronomer (b."
it was the first time that indians had enjoyed any sort of representation at the national level.,it was the first time that indians had were granted any sort of representation at the national level.
"although the urban system is designed around the need for motorized transport, widespread car ownership car has undoubtedly been a contributory factor in these 4 countries having the best standard of living in the western world.","although the urban system is designed around the need for motorized transport, widespread car ownership has undoubtedly been a contributory factor in these 4 countries having the best standard of living in the western world."
"the ananova news service was well known for its collection of unusual news stories, which it featured in its quirkies section.","the ananova news service was known for its collection of unusual news stories, which it featured in its quirkies section."
a flood of people from all shades of life were present when the dead body of the slain pakistani student arrived at his ancestral town.,a flood of people from all shades of life were present when the dead body of the pakistani student arrived at his ancestral town.
designers are told to take materials from their luxury apartment to create an outfit that best represents who they are as a fashion designer.,designers are told to take materials from their group apartment to create an outfit that best represents who they are as a fashion designer.
"the democratic nominee, wealthy allergist steve kagen, outpolled business consultant jamie wall as well as former de pere mayor and brown county executive nancy nusbaum after a nasty primary.","the democratic nominee, wealthy allergist steve kagen, outpolled business consultant jamie wall as well as former de pere mayor and brown county executive nancy nusbaum after a very competitive primary."
"the possibility of a complete objectivity has been often debated, in particular in the fields of history, journalism and epistemology ( aka philosophy of science).","the possibility of a complete objectivity has been often debated, in particular in the fields of history, journalism and epistemology ( see also philosophy of science)."
"most of these were arcade ports from american laser games (including the infamous mad dog mccree), but virgin interactive and digital pictures also released 3do light gun games.","most of these were arcade ports from american laser games (including the bugged mad dog mccree), but virgin interactive and digital pictures also released 3do light gun games."
"the library system has branches in the beautiful suburbs of bay village, beachwood, bedford (southeast branch), berea, brecksville, brook park, brooklyn, chagrin falls, fairview park, garfield heights, gates mills, independence, maple heights, mayfield village, middleburg heights, north olmsted, north royalton, olmsted falls, orange, parma (parma-ridge, parma-snow, and parma-south branches), parma heights, richmond heights (in richmond town square mall), solon, south euclid, strongsville, and warrensville heights.","the library system has branches in the suburbs of bay village, beachwood, bedford (southeast branch), berea, brecksville, brook park, brooklyn, chagrin falls, fairview park, garfield heights, gates mills, independence, maple heights, mayfield village, middleburg heights, north olmsted, north royalton, olmsted falls, orange, parma (parma-ridge, parma-snow, and parma-south branches), parma heights, richmond heights (in richmond town square mall), solon, south euclid, strongsville, and warrensville heights."
"in germany, about 10,000 witnesses were imprisoned, including 2000 sent to concentration camps, where they were identified by purple triangles; as many as 1200 died, including 250 who were executed.","in germany, between 6,000 and 10,000 witnesses were imprisoned, including 2000 sent to concentration camps, where they were identified by purple triangles; as many as 1200 died, including 250 who were executed."
